年月日,平均気温(℃),最高気温(℃),最低気温(℃),降水量の合計(mm),日照時間(時間),平均風速(m/s),最大風速(m/s),桜(初見〜満開)
2011/1/1,6.6,10.8,2.2,0,7.9,2.3,4.6,0
2011/1/2,7,11,4.1,0,8.4,2.2,4.6,0
2011/1/3,5.9,9.2,3.1,0,5.2,2.1,4.4,0
2011/1/4,6.3,9.8,3.3,0,8.4,3,5.1,0
2011/1/5,7.3,11,2.8,0,7.4,3.3,7.1,0
2011/1/6,6.5,10.8,3.1,0,6.7,4.3,6.9,0
2011/1/7,4,7.3,1.8,0,9.2,4.7,7.7,0
2011/1/8,5.9,10,1,0,9.2,2.4,5,0
2011/1/9,6.1,12.2,0.6,0,9.1,2.1,5.4,0
2011/1/10,3.4,6.1,1.4,0,9.2,5.1,9,0
2011/1/11,3.8,6.4,0.5,0,6.7,2.4,4.9,0
2011/1/12,5.1,9.5,1.9,0,8.4,2.5,6.4,0
2011/1/13,4.4,7.7,2.4,0,8.6,3.8,6.5,0
2011/1/14,3.8,7.3,0,0,9.1,1.7,3.3,0
2011/1/15,4,7.4,0.2,0,1.1,1.9,3.9,0
2011/1/16,2.2,5.9,-1.1,0,8.2,3.5,7.7,0
2011/1/17,5,11,-0.2,0,8.7,3.1,6.7,0
2011/1/18,5.5,10.6,0.1,0,9.4,2.4,6.5,0
2011/1/19,6.3,10.6,1.7,0,9.3,2,4.2,0
2011/1/20,5.4,10.1,2.2,0,9.4,2.9,6.2,0
2011/1/21,5,8.5,2.3,0,9.3,3.2,6.2,0
2011/1/22,6,10.4,2.6,0,9.4,2.1,4.6,0
2011/1/23,5.7,9.4,2.4,0,6.3,1.8,4.2,0
2011/1/24,5.1,8.2,2.5,3.5,3.5,2.1,4.3,0
2011/1/25,5.9,10.2,2.9,0,8.6,3,6.4,0
2011/1/26,5.3,9.7,1.4,0,7.3,2.5,6,0
2011/1/27,5.5,10.5,0.9,0,8,2.9,6.7,0
2011/1/28,3.7,8,0.4,0,9.3,3.4,6.4,0
2011/1/29,4.2,7.6,1.4,0,7.8,1.9,5.2,0
2011/1/30,2.9,6.1,0.6,0,5.1,3.1,7,0
2011/1/31,2.9,7.4,-1,0,9.7,2.5,5.4,0
2011/2/1,5.9,12.7,-0.8,0,9.6,2.5,6.5,0
2011/2/2,5.8,9,2.4,0,2.2,2.2,5.2,0
2011/2/3,7.4,11.9,2,0,9.6,2.3,4.9,0
2011/2/4,8.8,13.8,3.8,0,9.6,2.3,4.9,0
2011/2/5,8.1,11.4,3.8,0,4.7,2,4.2,0
2011/2/6,8.3,12.2,5.5,0,3.8,2,4.5,0
2011/2/7,8.2,13.8,4.5,0,9.4,3.9,7.6,0
2011/2/8,5.8,7.8,3.5,1,0.5,2.6,6.4,0
2011/2/9,5,9.1,1.2,5.5,5.2,2.6,5.7,0
2011/2/10,6.5,9.6,4.1,0,5.5,3.6,7.2,0
2011/2/11,2,5.5,0.8,11,0,2.6,4.6,0
2011/2/12,2.1,3.9,0.8,2.5,0.1,2.8,4.9,0
2011/2/13,4.7,8.7,-0.2,0,9.8,2.9,6,0
2011/2/14,3.3,6.6,0.3,21,0.4,2.4,4.7,0
2011/2/15,5.3,10.3,0.7,2.5,8,3.1,7.4,0
2011/2/16,6.8,12.2,1.6,0,9.8,2.3,5.2,0
2011/2/17,10,14.6,5.6,0,1.8,2.7,7.2,0
2011/2/18,9.1,14.5,5.3,76.5,5,5.4,10.4,0
2011/2/19,6.1,8.7,3.7,0,0.3,3,6,0
2011/2/20,7,9.1,5,1,0,2.7,4.4,0
2011/2/21,7.1,9.9,4.6,0,3.6,3.6,5.7,0
2011/2/22,6.5,11.2,3.1,0,10.3,2.7,5,0
2011/2/23,8.4,13,3.9,0,9.4,2.5,5.2,0
2011/2/24,11.4,14.2,8,0,0.5,2.5,5.7,0
2011/2/25,14.1,20.8,6.8,0,10.1,4.4,8.5,0
2011/2/26,7.2,10.8,3.8,0,10.6,4.2,10.5,0
2011/2/27,10.4,18.7,4.1,0,9.1,2.4,6.3,0
2011/2/28,4.9,9.5,2.2,30,0,3.3,5.6,0
2011/3/1,5.8,7.8,4.4,10.5,0,2.1,4.3,0
2011/3/2,6.8,10.3,2.6,0,1.5,3.1,8.1,0
2011/3/3,4.4,8.1,1.8,0,7.8,4.6,8.5,0
2011/3/4,4.6,8.3,1.9,0,9.4,4.2,7.5,0
2011/3/5,7.4,11.5,1.6,0,10.6,3.2,6.6,0
2011/3/6,9.3,15,2.9,0,6.8,1.9,3.9,0
2011/3/7,4.5,9.3,1,28,0,2.3,5,0
2011/3/8,6.9,10,2.6,0.5,3.5,1.8,5,0
2011/3/9,7.4,12,3.7,0,9.8,3.7,9.1,0
2011/3/10,6.2,10,2.7,0,9.2,3.2,7.1,0
2011/3/11,6.5,11.3,2.9,0,7.8,3.6,8.8,0
2011/3/12,8.2,12.9,2.3,0,9.9,2.9,7.4,0
2011/3/13,11.3,15.9,5.2,0,11,2.4,4.4,0
2011/3/14,14.1,20.2,6.7,0,7.6,3.6,7.5,0
2011/3/15,10.9,14,9.2,0,0.5,2.9,5.2,0
2011/3/16,7.5,13,3.5,0,7.9,4.7,11.2,0
2011/3/17,4.6,8.9,1.8,0,9.2,5.2,8.8,0
2011/3/18,6.1,10.1,1.2,0,11.3,3.8,6.2,0
2011/3/19,12.3,18.2,6.7,0,8.4,3.1,5.8,0
2011/3/20,13.7,17,9.4,0,6,3.5,8.9,0
2011/3/21,9.6,13.4,7.3,20,0,2.7,5,0
2011/3/22,6.9,7.6,5.7,13.5,0,1.9,3.9,0
2011/3/23,6.4,10,2.7,1.5,1.8,2.8,5,0
2011/3/24,5.4,8.1,2.9,0,4,2.3,5.7,0
2011/3/25,8.1,13.4,3.5,0,8.7,3.2,8.3,0
2011/3/26,7.4,11.6,4.3,0,11.7,5.3,9.6,0
2011/3/27,7.4,12,2.9,0,9,3,6.6,0
2011/3/28,8.6,12.7,4.4,0,11.4,2.5,4.7,1
2011/3/29,10.9,15.3,5.2,0,11.5,2.8,6.2,1
2011/3/30,11.6,16.5,6.7,0,10.6,3.1,6.9,1
2011/3/31,9.7,15.5,5.8,0,7.9,2.8,7.2,1
2011/4/1,11.2,15.7,6.6,0,11.8,3.5,7.1,1
2011/4/2,13.4,18.4,9.1,0,3.4,2.2,7,1
2011/4/3,7.9,9.9,6.9,0,0,3.3,7.3,1
2011/4/4,9,13.9,5.9,0,10.8,3.2,6.7,1
2011/4/5,10.1,15.4,4.3,0,12,2.3,4.5,1
2011/4/6,13.7,19.1,7.7,0,12,3,5.7,1
2011/4/7,15.7,20.6,10.3,0,5.3,4.1,8.2,0
2011/4/8,17.2,18.7,15.5,0,1.6,7.1,10.9,0
2011/4/9,16.1,18,12.3,0.5,0,4.9,8.8,0
2011/4/10,13.7,17.7,10.3,0,5.4,3.1,5.6,0
2011/4/11,13.7,19.3,8.6,12,5.9,2.8,7.2,0
2011/4/12,11.4,15.7,7.6,0.5,11.7,4.7,10.3,0
2011/4/13,14.3,20.5,7.1,0,11.9,3.1,5.9,0
2011/4/14,16.7,22.1,11.1,0,12,2.6,5.7,0
2011/4/15,18.4,22.5,13.7,0,8.1,5.4,10.1,0
2011/4/16,18.6,24.6,12.9,0,6.7,4.7,8.4,0
2011/4/17,13.6,17.6,9.6,0,9.3,3.4,6.6,0
2011/4/18,14.9,17.4,12.5,0,1.1,2.9,5.5,0
2011/4/19,10.8,18.1,7.3,23,2.9,3.3,8,0
2011/4/20,10.9,16.7,6.5,0,8.1,2.6,7,0
2011/4/21,12.4,16.2,8.8,0,2.1,2.5,5.3,0
2011/4/22,15.5,18.8,11.4,0,1.4,3.1,6.7,0
2011/4/23,16.5,17.9,14.8,54,0.3,5.7,10.5,0
2011/4/24,16.1,20,11.4,0,11.9,3.8,7.7,0
2011/4/25,15,20.1,10.9,0,8.3,2.5,7.9,0
2011/4/26,16.2,21,11.3,0,9.6,3.2,8.2,0
2011/4/27,20.1,24.4,14.9,2,8.2,7.2,12.5,0
2011/4/28,19.8,24.8,14.3,4,7.8,5.1,8.7,0
2011/4/29,15.1,19.1,12,0,7.6,3,5.7,0
2011/4/30,17.6,22.2,12.3,0,6.8,4.3,10.2,0
2011/5/1,18.4,21.1,15.4,2,0.5,5.6,12.1,0
2011/5/2,19.6,24.2,14.4,0,9.4,2.8,7.7,0
2011/5/3,15.8,18.2,13.5,6,0.1,2.1,3.4,0
2011/5/4,17.3,21.7,13.3,0,10.5,3,7,0
2011/5/5,15.1,17.2,13,0,0.1,3.2,5.2,0
2011/5/6,16,19.6,12.4,0,1.4,2.2,4.1,0
2011/5/7,17,18.4,15.4,1,0,1.8,4.8,0
2011/5/8,20.6,25.9,14.5,0,11.2,2.6,5.8,0
2011/5/9,19.7,23.8,14.8,0,7.9,3.4,8.1,0
2011/5/10,22.8,27.2,18.4,1,0.8,2.8,6.6,0
2011/5/11,15.2,18.5,13.9,35,0,2.4,4.7,0
2011/5/12,15.6,16.8,13.9,15.5,0,2.3,5.3,0
2011/5/13,19.8,24.4,16.1,0,2.9,2.3,7.4,0
2011/5/14,20.1,25.1,14.3,0,9.2,3.1,7.1,0
2011/5/15,20.5,25.6,13.9,0,11.2,4.2,9,0
2011/5/16,20.3,23.5,16.9,0,2.7,4.8,8.3,0
2011/5/17,18.2,21.7,15.3,3.5,0.5,2.7,5.4,0
2011/5/18,19.4,23.7,15.2,0,12.2,3,5.3,0
2011/5/19,20.9,25.7,15.4,0,12.7,3.4,7.7,0
2011/5/20,22,26.7,18.2,0,12.2,3.4,6.4,0
2011/5/21,22.8,27.6,19.3,0,11.8,3.9,6.5,0
2011/5/22,20.8,29.6,15.2,13.5,7.2,4.1,9.7,0
2011/5/23,15.6,18.3,12.8,7,0,2.6,4.3,0
2011/5/24,14.6,18.1,12.2,20.5,3.2,2.4,4.4,0
2011/5/25,18.7,23.8,12.9,0,11.3,2.6,5.5,0
2011/5/26,19.3,22.3,16.1,0,1.6,2.4,5,0
2011/5/27,18.8,20.6,17.1,1,0,2.2,4.3,0
2011/5/28,18.4,19.7,17.1,24,0,2,4.6,0
2011/5/29,18,19.1,16.2,69.5,0,2.3,5.4,0
2011/5/30,17.4,21.7,16.1,14,1.3,4.2,8.2,0
2011/5/31,15.2,18.7,12.2,0,4.4,3.8,6,0
2011/6/1,15.2,18.5,12.1,0,0.4,2.5,4.6,0
2011/6/2,16,17.4,14.3,10,0,1.7,4,0
2011/6/3,19.8,24,15.2,0,7.8,2.2,4.4,0
2011/6/4,22.1,26.3,18.8,0,10.9,3.4,7.6,0
2011/6/5,22.2,25.7,18.3,5.5,3.1,2.6,6,0
2011/6/6,22.9,28.6,17.4,0,11.4,2.9,6.9,0
2011/6/7,21.6,24,20.2,0,0.5,3,7.1,0
2011/6/8,19.7,22.7,17.4,3,1.6,2.2,4.3,0
2011/6/9,21.8,25.6,18.3,0,7.3,2.6,6.2,0
2011/6/10,22.8,24.9,20.6,0,0.5,3.1,6.4,0
2011/6/11,22.2,25.1,20.9,35.5,0.1,2.7,6.7,0
2011/6/12,23.2,26.2,20.8,0,0.3,1.9,4.5,0
2011/6/13,20.9,23.5,18.2,29.5,0,2.1,4.1,0
2011/6/14,21.7,24.6,19.7,0,0.6,2.4,5.4,0
2011/6/15,21.3,23.5,19.6,0,1.7,3,5.8,0
2011/6/16,21.1,23.7,18.4,3.5,0,2.4,5.1,0
2011/6/17,19.2,21,17.7,21.5,0,2.2,4.1,0
2011/6/18,20.3,22.2,18.8,4.5,0,1.5,3,0
2011/6/19,21.8,24.5,19.4,0,0.2,1.9,4.4,0
2011/6/20,23.9,26.5,21.5,0,1.7,2.8,5.3,0
2011/6/21,25.5,29.8,23,1,5.3,3.5,7.2,0
2011/6/22,27.2,31.9,21.8,0,12.4,2.3,5.2,0
2011/6/23,28.2,32.2,25.7,0,4,4.4,7.4,0
2011/6/24,29.1,32.7,26.1,0,7.1,6.3,11,0
2011/6/25,24.3,27.9,20.4,0,3.5,2.9,5.5,0
2011/6/26,21.3,22.7,19.8,0,0,1.6,3.3,0
2011/6/27,22.3,23.8,20.4,1.5,0,1.5,3.4,0
2011/6/28,27.3,31.9,22.7,0,7.9,2.1,5,0
2011/6/29,29.8,35.1,25.3,0,11.5,2.6,7.4,0
2011/6/30,28.7,33.6,25.2,1,5.3,2.4,6.7,0
2011/7/1,28.7,33.9,24.8,0,6,2.3,5.4,0
2011/7/2,26.5,28.9,24.4,0,2.2,2.5,3.8,0
2011/7/3,27.6,31.1,24.1,0,6.6,3,6.2,0
2011/7/4,29.6,34.3,26.9,0,6.9,6.7,10.2,0
2011/7/5,28,32.3,24.3,5.5,6.8,3.6,8.8,0
2011/7/6,28,32.5,25.4,0,10.4,3.4,7.4,0
2011/7/7,26.8,29.7,23.6,0,1.9,4.1,8,0
2011/7/8,28.6,31.4,26.5,0,0,2.4,6.3,0
2011/7/9,29.4,32.5,27.3,0,8.3,2.6,5.7,0
2011/7/10,29.3,33.6,26.4,0,13.3,3.1,6.9,0
2011/7/11,29.2,33.8,26.1,0,12.7,3.2,7.2,0
2011/7/12,28.7,32.3,26.2,0,10.5,4,7.4,0
2011/7/13,28.6,32.7,26.4,0,11.3,3.6,6.9,0
2011/7/14,28.9,33.4,25.9,0,11.3,3.3,6.6,0
2011/7/15,29.4,33.7,25.9,0,13.4,2.9,5.9,0
2011/7/16,29,33.3,26.4,0,13.1,3.9,7.1,0
2011/7/17,29.6,34.1,26.1,0,13.5,4.4,8.2,0
2011/7/18,30.1,34.8,27.4,0,5.3,4.3,7,0
2011/7/19,27.9,28.7,26.5,3.5,0,4.6,8.6,0
2011/7/20,25.9,28.7,21.1,6,0,4.7,8.7,0
2011/7/21,20.7,23.6,18.2,3,2.9,4.1,7.2,0
2011/7/22,21,24.2,18,0,5,3.1,5.5,0
2011/7/23,23.1,27.5,18.9,0,1.8,2.8,5,0
2011/7/24,26,30.3,22.7,0,7.9,3,5.8,0
2011/7/25,27.6,31.5,25.1,0,9.3,4.1,7.8,0
2011/7/26,27.5,30.4,25.4,0,1.9,3.3,7.2,0
2011/7/27,28.3,31.8,25.5,0,1.5,1.9,5.1,0
2011/7/28,26.4,29.6,24.1,2.5,0.1,1.9,3.9,0
2011/7/29,26.5,29.4,25,5,0.3,1.7,4.2,0
2011/7/30,25.7,29.7,23.1,29,2,2,5.3,0
2011/7/31,23.5,25.1,22.2,0,0,3,4.9,0
2011/8/1,24.5,27.3,22.1,0,0.3,2.5,5,0
2011/8/2,25.5,29.1,22,0,1.6,2.3,5.1,0
2011/8/3,26.1,29.3,24.4,15.5,0.9,2,5.2,0
2011/8/4,27.4,31.1,24.3,4.5,5.5,2.6,5.7,0
2011/8/5,27.8,31.2,25.1,4.5,3.4,3.2,5.7,0
2011/8/6,29,32.3,26,0,6.4,2.2,4.8,0
2011/8/7,28.9,34.5,26,20,7.2,2.1,8.1,0
2011/8/8,29.3,33.2,25.5,0,9.4,2.5,5.1,0
2011/8/9,30.2,33.9,27.4,0,9.9,2.6,5.5,0
2011/8/10,30.5,34.6,27.4,0,12.4,3.2,6.9,0
2011/8/11,31,35.2,28.2,0,8.4,2.4,5.6,0
2011/8/12,31.2,35.1,28.1,0,6.6,2.1,4.9,0
2011/8/13,30,34.5,27.2,0,9.7,2.8,6.8,0
2011/8/14,30,33.6,27.7,0,6.5,2.7,6.7,0
2011/8/15,30.3,33.2,27.4,0,9.4,3.1,7.3,0
2011/8/16,30.3,33.6,27.4,0,7.6,2.7,6,0
2011/8/17,30.7,33.8,27.5,0,8.7,3.1,6.5,0
2011/8/18,31.9,36.1,28.7,0,10.8,3.7,6.8,0
2011/8/19,25.3,30.9,22,57,0.3,2.9,6.8,0
2011/8/20,23.7,25.8,22.3,0,0,2.1,3.6,0
2011/8/21,20.6,23.5,19.3,11,0,2,3.7,0
2011/8/22,21.2,22.9,19.5,26,0,1.8,4.3,0
2011/8/23,25.9,30.9,21.4,0,4.8,2.7,6.4,0
2011/8/24,28.1,32,25.6,0,6,3.7,6.9,0
2011/8/25,27.2,29.3,25.1,2.5,0.4,4,5.9,0
2011/8/26,26.2,31.9,22.9,88.5,3.6,2.4,7.8,0
2011/8/27,24.3,27.5,21.9,0.5,0.1,2.5,4.3,0
2011/8/28,25.6,29.8,22.1,0,8.6,2,4,0
2011/8/29,26,29.8,23.1,0,7.4,2.6,4.8,0
2011/8/30,26.3,31.7,22.7,4.5,10.9,2.9,4.6,0
2011/8/31,26.4,30.4,21.6,9.5,2.1,2.6,4.8,0
2011/9/1,28.5,31.9,26,2,0.8,3.2,6.1,0
2011/9/2,28.5,31.9,24.9,27,4.1,4.7,8.6,0
2011/9/3,28,30.4,24.3,19,2.2,6.5,9.8,0
2011/9/4,27.2,29.4,25.6,2,3,4.8,8.4,0
2011/9/5,26.5,29,24.5,15,1.1,3,5.6,0
2011/9/6,24.5,29.3,21.8,14.5,1.9,2.8,7.1,0
2011/9/7,24.9,29.4,20.3,0,9.2,2.5,4.5,0
2011/9/8,25.7,29.7,21.8,0,10.4,3.1,6.8,0
2011/9/9,27.8,31.4,24.1,0,6,3.2,5.7,0
2011/9/10,28.4,32.3,25.6,0,9.9,2.9,6.4,0
2011/9/11,27.7,30.9,25.8,0,6.1,2.9,5.8,0
2011/9/12,28.3,32.5,25.7,0,10.7,3.3,5.9,0
2011/9/13,28.3,32.3,25.6,0,10.4,3.7,6.2,0
2011/9/14,28.3,32.3,25.2,0,8.3,2.9,5.1,0
2011/9/15,28.3,32.4,25.7,0,8.2,3.5,6.4,0
2011/9/16,28.2,31.7,25,5,6.3,4,6.6,0
2011/9/17,28,31.4,25.5,0,4.5,5.1,8.7,0
2011/9/18,28.5,31.7,26.2,0,11.3,4.3,6.4,0
2011/9/19,25.7,31.1,19.5,0.5,3.5,3,6.6,0
2011/9/20,19.9,21.5,18.7,21,0,2.3,4.7,0
2011/9/21,22.2,26.3,17.3,124,0,5.9,16.9,0
2011/9/22,23.4,29.5,18.5,5,5.7,2.8,7.1,0
2011/9/23,20.3,22.5,19,0,0.8,2.1,5.1,0
2011/9/24,20.5,24.8,15.9,0,8.8,2.7,6.8,0
2011/9/25,20.2,23.5,17.5,0,3.9,2.3,4.1,0
2011/9/26,18.9,20.2,17.5,0,0,2.1,4,0
2011/9/27,20.2,23.7,18.1,0,4.4,2.9,5,0
2011/9/28,20.5,24.3,16.7,0,8.8,2.9,4.9,0
2011/9/29,21.9,25.7,17.8,0,9.5,2.6,5.3,0
2011/9/30,24.6,29.6,19.3,0,6,2.4,6,0
2011/10/1,22.2,25.1,19.6,0,1.5,2.8,5.4,0
2011/10/2,18.5,20.1,17.4,0,0,2.1,3.9,0
2011/10/3,18.8,22.9,15.9,0,5.6,3.3,6.5,0
2011/10/4,18.5,22.2,14.9,0,9.9,2.6,5.2,0
2011/10/5,15.9,19,14.4,53.5,0,2.8,5.1,0
2011/10/6,20.4,25.5,15.9,3,5.8,3,4.9,0
2011/10/7,21.1,25.6,17.9,1.5,10.8,4,8.5,0
2011/10/8,19.7,23.2,16.5,0,6.3,2.1,5.2,0
2011/10/9,20.1,22.8,17,0,4.5,2.1,4.3,0
2011/10/10,20.4,24.3,17.5,6,5.9,1.9,4.4,0
2011/10/11,21.2,25.2,18.1,0,3.3,2,4.8,0
2011/10/12,20.5,23.4,17.5,0,6.7,2.1,5.1,0
2011/10/13,20.5,23.7,16.9,0,0.9,2.3,4.2,0
2011/10/14,21.2,25.4,17.4,4,5.5,2.7,6,0
2011/10/15,24.3,26.9,21.6,2,0.3,5.4,10.7,0
2011/10/16,24.8,29.7,20.6,8,6.2,4.2,8.2,0
2011/10/17,21.5,24.6,18.5,0,4.9,2.3,4.7,0
2011/10/18,19.1,21.1,16.5,0,3.5,2.9,5.3,0
2011/10/19,15.9,17.5,14.9,0,0,3.1,5.2,0
2011/10/20,17.7,20.8,14,0,1.3,3.2,5,0
2011/10/21,18.3,21.2,16.5,4,0,2.7,4.8,0
2011/10/22,19.5,23,16.3,37.5,0.1,3.2,6.5,0
2011/10/23,22.7,25.9,20.4,0,2.8,3.1,5.9,0
2011/10/24,20.7,22.7,19.4,0,0.9,2.2,3.9,0
2011/10/25,21.8,26.9,18.4,0,5.9,2.3,6.7,0
2011/10/26,16.7,20.3,13.4,0,9.2,4.4,7.7,0
2011/10/27,15.2,19.3,11.7,0,9.8,2.4,4.3,0
2011/10/28,15.5,19.9,11.2,0,9.4,2.2,5.3,0
2011/10/29,16,20.9,11.6,0,9.3,2.4,4.4,0
2011/10/30,16.9,19.6,14.4,0,3.3,2.3,4.2,0
2011/10/31,18.7,23.4,15.3,0,7.7,2.2,5.6,0
2011/11/1,17.7,21.4,14.3,0,9,2.2,3.9,0
2011/11/2,17.2,21,12.9,0,7.6,2.1,5.3,0
2011/11/3,18.4,21.3,15.6,0,0.7,1.3,3.3,0
2011/11/4,18.4,22,14.8,0,6.3,1.7,3.5,0
2011/11/5,18.9,22.2,15.2,1.5,2.6,1.4,3.3,0
2011/11/6,18.1,19.5,17.2,7,0,1.5,3.5,0
2011/11/7,18.6,22.7,15.9,0,7.2,2.1,4,0
2011/11/8,15.7,17.8,13.9,1,3.2,2.5,4.4,0
2011/11/9,14.3,16.6,11.7,0,1.9,2,3.5,0
2011/11/10,14.1,16.2,11.9,0,0.4,2,4.2,0
2011/11/11,12.4,14.4,11.2,19,0,2.8,4.9,0
2011/11/12,16.4,20.4,12.9,0,6.3,1.9,4.1,0
2011/11/13,17.8,21.7,13.6,0,8.6,1.4,3.1,0
2011/11/14,16.9,20.7,13.2,5.5,3.6,2.2,4.9,0
2011/11/15,14,16.4,11.8,0.5,1.8,2.1,4.4,0
2011/11/16,12.6,15.8,9.7,0,8.7,3.5,7.3,0
2011/11/17,14.5,19.7,9.5,0,9.4,3.3,7.2,0
2011/11/18,12.6,14.3,10.5,0,1.1,1.9,3.8,0
2011/11/19,16.3,22,12.1,78,0,3.2,9.7,0
2011/11/20,17.4,22.1,13.5,0,5.4,2.4,5.4,0
2011/11/21,12.6,16.5,9.3,0,5.9,2.5,5.1,0
2011/11/22,11.1,14.7,7.2,0,7.7,2.4,4.7,0
2011/11/23,12.4,15.6,8.6,0,8.6,2.3,4.6,0
2011/11/24,13.3,18.6,9.5,0,7.4,2.4,4.9,0
2011/11/25,11.4,15.7,8.1,0,9.4,3,5.4,0
2011/11/26,10.9,13.7,7.4,0,8.3,2.2,4.6,0
2011/11/27,11,14.9,7.2,0,5.6,1.7,4,0
2011/11/28,12.1,14.7,8.8,0,0,1.7,3.1,0
2011/11/29,14.4,17.7,11.7,0,1,1.4,2.7,0
2011/11/30,14.6,19.4,11.2,0,5.7,2.7,5.3,0
2011/12/1,7.8,11.6,5.5,4.5,0,3.4,5.8,0
2011/12/2,6.1,7.4,4.2,1.5,0,3.7,6.1,0
2011/12/3,11.1,18.9,6.7,35,0.5,3.4,5.9,0
2011/12/4,13.4,16.3,10.3,0,9.3,4.3,8.7,0
2011/12/5,11,16.3,8.3,0,9.2,2.6,6.2,0
2011/12/6,8,9.8,6.5,9.5,0,1.9,3.7,0
2011/12/7,9.8,13,6.7,0,8.1,1.7,4,0
2011/12/8,8,9.3,6.5,3.5,0,2.3,4.1,0
2011/12/9,5.5,7.4,2.7,4,2.5,2.5,4.4,0
2011/12/10,7.3,11.4,2.4,0,9.1,2.4,4.9,0
2011/12/11,8.1,14,2.6,0,9.1,1.5,3.6,0
2011/12/12,9.7,15,4.6,0,9,1.8,3.8,0
2011/12/13,9.7,13.5,6.4,0,8.9,2.3,4.9,0
2011/12/14,7.9,9.9,5.2,1.5,0,2.2,4.2,0
2011/12/15,10.4,16.5,5.2,0,8.9,1.6,5,0
2011/12/16,9,12.8,4.1,0,6.2,2.5,8,0
2011/12/17,6.1,10.4,2.8,0,9.1,2.6,5.4,0
2011/12/18,7,11.9,2,0,9,1.8,3.5,0
2011/12/19,6.5,9.5,3.4,0,8.4,1.8,3.6,0
2011/12/20,7,11.1,4,0,8.7,2.7,5.6,0
2011/12/21,5.8,8.5,2.9,0,5.2,1.9,3.8,0
2011/12/22,5.8,8,3.9,0,0.1,2,4,0
2011/12/23,6,8.2,3.8,0,3.4,4.4,7.2,0
2011/12/24,5.5,8.8,2.9,0,7.4,2.5,4.9,0
2011/12/25,5.2,8.7,2.1,0,6,2.7,5.4,0
2011/12/26,4.9,9.1,1.5,0,8.2,3,6.2,0
2011/12/27,5.2,9.2,1.8,0,9,3.1,7.9,0
2011/12/28,6.2,9.3,3.9,0,7.8,3.2,6.5,0
2011/12/29,6,10,2.1,0,8.9,2.2,6.5,0
2011/12/30,6.2,9.7,3.9,0,9.1,4.1,7.2,0
2011/12/31,5.6,10,1.8,0,6.5,2,4.8,0
2012/1/1,5.7,9.2,2.9,0,3.3,1.8,4.3,0
2012/1/2,6,10.9,3,0,4.6,3.2,9.4,0
2012/1/3,6.6,10.4,3.8,0,5.2,3.2,7.4,0
2012/1/4,5.4,9.4,2,0,7.7,3,8.7,0
2012/1/5,5.5,9.7,1.9,0,9.2,3.3,7.5,0
2012/1/6,6.3,9.8,2.9,0,5.9,2.7,4.8,0
2012/1/7,5.7,9.1,3.1,0,9.1,3.4,8.3,0
2012/1/8,5.8,9.6,2.6,0,8.2,2.9,6.2,0
2012/1/9,5.9,9.4,2.8,0,9,1.6,3.4,0
2012/1/10,6.7,9.8,2.5,0,7.6,1.9,4.3,0
2012/1/11,5.8,11.1,2.1,0,4.7,3.3,10,0
2012/1/12,3.8,7.2,0.7,0,6.1,3.3,9,0
2012/1/13,5.6,11,0,0,9.3,2.1,4.7,0
2012/1/14,5.1,8.9,2.5,0,6.2,2.4,5.8,0
2012/1/15,4.5,6.5,2.3,0,1.3,2.1,4.6,0
2012/1/16,4.5,5.6,3,0,0,2.3,4,0
2012/1/17,4.9,7.9,2.7,0,6.3,2.5,4.9,0
2012/1/18,5.4,9.1,1.5,0,8.3,1.8,3.8,0
2012/1/19,6.2,10.2,2.5,0,3.6,2.8,5.6,0
2012/1/20,2.8,5.7,1.9,9,0,4,5.8,0
2012/1/21,3.4,3.7,2.7,15,0,4.2,6.6,0
2012/1/22,5.3,8,3.2,3,0.6,2.6,4.8,0
2012/1/23,5,8.2,0.6,22.5,0,1.9,4.9,0
2012/1/24,3,5,0.8,0.5,5.6,2.8,5.5,0
2012/1/25,4.1,9.3,-0.1,0,8.5,2.1,5.3,0
2012/1/26,3.2,6.4,0.5,0,9.7,2.7,7.2,0
2012/1/27,3.2,8,-1,0,8.2,2.3,6.5,0
2012/1/28,2.6,6.1,-0.1,0,7.4,2.8,5.9,0
2012/1/29,2.9,6.8,1,0,8.4,4.6,9.2,0
2012/1/30,3.7,6.4,1.2,0,9.4,3,6.7,0
2012/1/31,4.1,8.1,0.2,0,9.6,2.4,5.3,0
2012/2/1,6,12.4,0.1,0,6.2,4.3,9.2,0
2012/2/2,2.6,6,0.7,0,8.7,4.8,9.8,0
2012/2/3,2.8,6.7,-1,0,9.5,2.1,4.9,0
2012/2/4,5.5,10.8,-1,0,9.8,1.9,3.9,0
2012/2/5,6.1,9,2.6,0,3.5,2.4,5.1,0
2012/2/6,4.9,5.9,3.8,4,0,2.3,4.4,0
2012/2/7,7.7,10,5,28.5,0,2,4.7,0
2012/2/8,6.6,9.9,3.8,0,0.3,3.2,7,0
2012/2/9,4.7,8.1,0.4,0,9.5,2.3,4.4,0
2012/2/10,5.7,9.4,2.1,0,8.4,2,4.7,0
2012/2/11,5.4,9.1,1.1,0,7.2,2.3,5.7,0
2012/2/12,5,9.5,1.2,0,9.9,3.4,7.5,0
2012/2/13,5.8,9.2,1.8,0,2.7,1.9,3.8,0
2012/2/14,5.2,6.9,3.7,3.5,0,2.8,5.2,0
2012/2/15,7.6,12.7,4.9,0,0.6,2.6,6.5,0
2012/2/16,3.3,5.6,1.7,1,0,2.7,6.2,0
2012/2/17,3.7,8.8,1.1,2,5.9,2.5,5.3,0
2012/2/18,2.5,6.4,0,0.5,9.8,4.2,8.4,0
2012/2/19,3.3,7.6,-0.6,0,8.7,2.2,5.2,0
2012/2/20,5.8,10.4,0.7,0,10,2.6,6.2,0
2012/2/21,8.1,12.6,2.9,0,10.1,2.2,4.9,0
2012/2/22,7.9,9.8,5.8,0,3.1,2.6,4.7,0
2012/2/23,7.8,11.5,5.1,17,2.7,2.8,7.3,0
2012/2/24,11.5,15.4,8.3,0,7.7,4.3,9.5,0
2012/2/25,5.8,10.2,3.6,19,0,2.9,5.4,0
2012/2/26,6,9.2,4,0,0.4,2.9,8,0
2012/2/27,4.7,9.2,1.9,0,5.7,4.9,8.2,0
2012/2/28,3.7,6.9,0.3,0,8.2,2.5,4.2,0
2012/2/29,2.3,5.4,0.7,18.5,0,3.4,5.3,0
2012/3/1,8.2,12.4,3.3,0,3.1,2.4,4.7,0
2012/3/2,7.3,10.4,4,10,0,2.5,5.3,0
2012/3/3,7.1,11.6,3.8,0.5,6.4,2.9,5.3,0
2012/3/4,5.5,6.6,3.5,0.5,0,2.7,3.9,0
2012/3/5,5.7,10.1,2.5,37,0,3,5.7,0
2012/3/6,11.4,15.1,8,3,4.2,1.9,5.4,0
2012/3/7,12.6,15.7,11,0,0.3,2.4,5.7,0
2012/3/8,9.6,11.1,7.9,0,0,2.8,4.9,0
2012/3/9,7.3,9.7,5.3,26.5,0,2.9,5.4,0
2012/3/10,5.3,7.6,2,19.5,0.1,3.3,6.2,0
2012/3/11,7.4,11.1,4.1,0,4.9,2.7,5.9,0
2012/3/12,7.2,12.6,2.9,0,7.4,3.7,7.3,0
2012/3/13,6.8,10.7,3.4,0,10.6,4.1,7.2,0
2012/3/14,7.2,10.4,3.2,0,9.3,2.3,4.8,0
2012/3/15,7.9,13.6,3.6,0,11.2,4.1,9.7,0
2012/3/16,7.7,11.1,3.3,0,9.2,3.1,5.7,0
2012/3/17,6.8,10.3,4.6,24,0,2,3.7,0
2012/3/18,9.6,11.8,6.5,1,0,1.6,3.5,0
2012/3/19,9.1,12.2,6.4,0,6.5,4,8.8,0
2012/3/20,8.2,12.1,4.2,0,8.7,2.6,6.7,0
2012/3/21,8.1,11.6,4.9,0,10.2,4.7,9,0
2012/3/22,10.1,14.8,4.2,0,3.5,1.6,3.6,0
2012/3/23,9.9,12.2,7.8,11,0,1.9,4.7,0
2012/3/24,8.4,11.6,5.9,3.5,1.8,1.8,4.5,0
2012/3/25,9.1,13.8,5.1,0,8.1,2.4,5.7,0
2012/3/26,8.2,12.1,4.6,0,7.2,2.8,8.2,0
2012/3/27,9.6,14,4.4,0,11.9,3.3,7.5,0
2012/3/28,11.2,17.1,5.9,0,8.8,3.3,9.4,0
2012/3/29,11.7,16.3,7,0,11.9,3.8,7,0
2012/3/30,15.3,19.4,11.6,0,3.7,5.6,9.9,0
2012/3/31,14.1,18.9,8.4,8,0.7,7.6,14.2,1
2012/4/1,10,14.7,5.8,0,9.3,3.5,7.1,1
2012/4/2,10.8,14.9,6.6,0,11,3.4,6.3,1
2012/4/3,14,17.7,9.7,21.5,2,6.5,15.1,1
2012/4/4,11.9,15.2,8.9,0,10.7,3.4,8.1,1
2012/4/5,14.8,20.8,10.2,0,10.2,5.2,9.9,1
2012/4/6,10.7,16,8,0.5,8,3.3,7.6,1
2012/4/7,8.8,13.8,5.1,0,7.9,3.9,7.5,0
2012/4/8,9.5,13.5,5.1,0,9.9,3.9,7,0
2012/4/9,16.6,23.8,8,0,11,3,6.2,0
2012/4/10,16.4,19.2,13.1,0,9.1,3.9,7.7,0
2012/4/11,15.7,18.3,12.8,16,0,3.9,8,0
2012/4/12,17.4,23,11.3,0,11.7,3.6,6.7,0
2012/4/13,17.2,23,12.7,4,5.6,2.7,5.3,0
2012/4/14,9.9,12.8,8.8,32,0,3.2,5.6,0
2012/4/15,11.8,16.3,8.7,0,8.9,2.4,4.8,0
2012/4/16,13.1,16.6,8.6,0,5.1,2.2,4.8,0
2012/4/17,14.9,19.1,12,1.5,3,2.3,6.4,0
2012/4/18,15,19.9,11.2,0,7.6,2.5,5.7,0
2012/4/19,14.2,17.6,11.8,0,1,2.9,5.1,0
2012/4/20,13.3,16.7,11.4,0,0.3,2.5,4.4,0
2012/4/21,11.8,14.6,10.1,0,0,2.9,5,0
2012/4/22,11.3,13.1,9.3,5.5,0,1.7,3.5,0
2012/4/23,13.4,15.7,10.5,9,0,1.9,4.5,0
2012/4/24,18.3,24.3,14.1,1,8.2,2.8,7.1,0
2012/4/25,18.4,22.6,15.6,0,4.1,3,6.3,0
2012/4/26,18.3,21.3,16.5,1,0.1,4.9,8.4,0
2012/4/27,16.6,17.6,15.7,26.5,0,2.6,5,0
2012/4/28,18.3,23.2,15.6,0,7.7,2.3,5.3,0
2012/4/29,20.6,26,14.9,0,9.7,2.2,4.8,0
2012/4/30,20.7,23.3,19,0,0.3,2.8,5.8,0
2012/5/1,20.5,22.8,19,0.5,2.3,3,7.6,0
2012/5/2,18.8,20.9,16.9,37,0,3.3,5.9,0
2012/5/3,17.9,19.2,16.7,121.5,0,2.7,5.4,0
2012/5/4,18.6,21.9,17.1,5,1.2,1.7,3.6,0
2012/5/5,21.2,26.2,16,0,12.3,4,8.3,0
2012/5/6,19.7,26.2,16,1,7.6,3.6,10.1,0
2012/5/7,18.5,22.2,14,0,11.3,3.1,6.7,0
2012/5/8,20.5,25,15.8,0,7.1,2.3,5.2,0
2012/5/9,19.3,22.4,15.7,7.5,0,1.8,5.8,0
2012/5/10,17.1,23.3,14.3,3.5,7.6,2.4,9.5,0
2012/5/11,17.4,21.9,13.8,0,11.9,5.2,8.7,0
2012/5/12,16.3,21,12.8,0,8.4,5,8.1,0
2012/5/13,17,22.3,11.9,0,10.8,3.3,5.5,0
2012/5/14,19.7,24.6,14.9,0,11.8,3.5,7.1,0
2012/5/15,18.7,20.6,17.2,11.5,0,3.5,6.1,0
2012/5/16,22,27.2,16.8,0,8.2,3.5,8.4,0
2012/5/17,21.6,26.9,18.2,0,3.6,3.6,7.9,0
2012/5/18,18.8,23.4,15.2,4.5,7.3,3.9,10.6,0
2012/5/19,20.3,25.2,14.7,0,11.6,3.6,7.4,0
2012/5/20,21.3,24.8,18.6,0,5.3,2.8,5.5,0
2012/5/21,20.2,23.9,16.5,0,6.9,3.2,5.8,0
2012/5/22,14.6,16.6,13.1,33,0,3.4,6.2,0
2012/5/23,18.7,25,13.3,0,8.3,3.6,6.4,0
2012/5/24,22,27.1,17.6,0,9.3,3,5.8,0
2012/5/25,20.4,22.1,18.3,0,0.1,2.3,4.2,0
2012/5/26,21,25,17.4,0,5.9,2.9,5.9,0
2012/5/27,22.5,27,19.3,0,12.5,3.7,7.1,0
2012/5/28,21.4,25,17.6,5.5,7.9,3.8,9,0
2012/5/29,20.7,25,16.9,0.5,6,3.9,9.1,0
2012/5/30,20.1,24,16.5,0,6,2.8,5.7,0
2012/5/31,20.3,24,17.2,0,4.2,2.9,5.9,0
2012/6/1,21.3,25.9,19.3,1.5,2.6,2.4,6.4,0
2012/6/2,21.6,25.9,18,0,7.9,2.7,7.1,0
2012/6/3,20.3,24.2,17,0.5,2.8,2.5,5.2,0
2012/6/4,22.1,26.5,17.7,0,9.9,3.2,6.4,0
2012/6/5,21.7,23.5,20.5,0,0,4,6.7,0
2012/6/6,19.4,21.5,17.3,4,0,2.8,6,0
2012/6/7,21.1,24.7,17.1,0,9,3.6,6.6,0
2012/6/8,23.5,27.8,19.5,1,9.5,3.5,7.1,0
2012/6/9,19,21.8,18,29.5,0,3.5,5.8,0
2012/6/10,21.9,27.9,18.2,1,5.6,2.9,6.5,0
2012/6/11,20,23.3,17.5,1,0.3,2.4,4.5,0
2012/6/12,16.9,18.7,15.8,11.5,0,2.9,4.7,0
2012/6/13,17.4,21,15.2,1,1.2,3.2,5.7,0
2012/6/14,18.6,23.6,15.7,0,8.5,2.8,4.3,0
2012/6/15,20.3,24.8,16,0,7.3,2.9,6.4,0
2012/6/16,20.2,21.5,19.3,6.5,0,2.1,4.7,0
2012/6/17,23.3,27.8,19.7,7,3.4,1.8,4.5,0
2012/6/18,24.5,27.6,22.2,0,5.1,3,6.8,0
2012/6/19,23.9,27.2,22.6,72.5,0,4.2,16.3,0
2012/6/20,26.9,30.2,22.4,0,4.9,6.5,15.7,0
2012/6/21,23.7,26.5,21.5,0,0.2,2.9,6.8,0
2012/6/22,21.1,23.1,18.2,48,0.1,2.2,6.2,0
2012/6/23,22.2,24.9,20.6,0,1.8,2.5,5.5,0
2012/6/24,22.6,26.1,19.6,0,3.9,2.8,6.5,0
2012/6/25,18.4,20,17.1,0,0.4,3.2,5.3,0
2012/6/26,19.5,23.6,15.8,0,12.9,2.9,5.1,0
2012/6/27,20.6,25.1,15.9,0,11.2,2.5,5.4,0
2012/6/28,22.5,25.3,19.4,0,3.2,2.4,4.9,0
2012/6/29,23.4,27.2,20.9,0,5.6,2.6,4.9,0
2012/6/30,23.3,27.5,20.4,0,8,2.4,4.9,0
2012/7/1,21.9,24.7,19.7,7.5,0.6,1.6,3.4,0
2012/7/2,22.8,27,19.3,8,3.9,2.5,4.5,0
2012/7/3,23.5,27.7,21.7,9,1.3,2.2,5.4,0
2012/7/4,24.8,29,21.1,3,9.9,3.1,6.1,0
2012/7/5,26.7,29.4,24.2,0,1.6,2,4.2,0
2012/7/6,25.3,28.8,22.8,8,0.3,2.2,4.6,0
2012/7/7,23,25.1,20.8,23,0,2.4,5.4,0
2012/7/8,22.6,26.6,19.9,6,4.3,2.2,4.4,0
2012/7/9,24.9,28.9,20.4,0,12.1,2.6,6.3,0
2012/7/10,26.5,31,23.4,0,11.7,2.9,6.2,0
2012/7/11,27,30.9,23.5,0,11.9,4.6,9.2,0
2012/7/12,26.7,27.4,25.6,2,0,6.9,9.9,0
2012/7/13,27.4,31,24.7,11.5,3,4.4,7.1,0
2012/7/14,28.6,33,24.7,41,5.5,4.8,7.5,0
2012/7/15,29.1,32.7,26.9,0,7.8,6.3,10.1,0
2012/7/16,29.5,33,27,0,9.4,6.1,9.5,0
2012/7/17,29.9,34.4,27,0,10.1,3.4,6,0
2012/7/18,28.5,32.1,25.7,0,7.7,2.6,5.7,0
2012/7/19,28.2,35.1,21.9,0,8.1,2.9,8.3,0
2012/7/20,20.5,22.2,18.2,7,0,2.7,4.6,0
2012/7/21,19.6,21.9,17.4,4,0,2.2,3.8,0
2012/7/22,20.8,23.3,18.8,0,0,1.7,3.3,0
2012/7/23,25.1,29,21,0,3.6,1.9,4.4,0
2012/7/24,27.8,31.8,23.8,0,1.5,1.6,3.8,0
2012/7/25,29.5,33.2,25.4,0,6.8,2.4,4.6,0
2012/7/26,30.8,35.4,26.8,0,8.9,2.3,5.3,0
2012/7/27,30,34.2,27.1,0,9.3,2.7,5.5,0
2012/7/28,30.1,33.3,27.5,0,9.5,2.8,7.3,0
2012/7/29,29.5,33.1,27.3,0,9.8,3.6,7,0
2012/7/30,29.6,33.3,27.3,0,12.2,4.5,7.6,0
2012/7/31,29,33.9,26.5,0,10.5,3.4,6.8,0
2012/8/1,29.4,33.1,27.1,0,5.9,3.3,5.9,0
2012/8/2,30.2,34.7,27.2,0,9.6,3.2,5.1,0
2012/8/3,29.8,34,27.3,0,8.1,2.8,6.6,0
2012/8/4,28.6,31.8,26.1,0,2.6,2.7,5.6,0
2012/8/5,29.8,34.2,26.6,0,10.3,3.3,6.8,0
2012/8/6,27.4,29.4,25.3,15.5,1.6,2,4.3,0
2012/8/7,28.7,32.4,25.5,0,7.6,3,6.4,0
2012/8/8,25.8,29.6,23.4,0,6.6,3.2,5,0
2012/8/9,25.9,30.2,22.9,0,7.9,2.7,5.4,0
2012/8/10,27.1,31.2,23.8,0,5.9,3.3,7.7,0
2012/8/11,28.8,31.6,27.2,0,2.2,3.3,6.6,0
2012/8/12,27.6,30.9,25.2,0.5,4.2,3,6,0
2012/8/13,29.8,34.5,26.3,0,9.4,5.2,10.2,0
2012/8/14,28.6,30.6,26.4,1,2.2,3.4,7.6,0
2012/8/15,29.1,33.4,25.9,0,3.1,3.7,7.5,0
2012/8/16,30.1,34.5,27.5,0,7,3.5,6.1,0
2012/8/17,30.5,35.7,27.5,0,8.3,2.5,7,0
2012/8/18,28,30.8,25.5,8,2.3,2,7,0
2012/8/19,29,33.1,26.4,0,11.5,3.9,6.6,0
2012/8/20,29.1,33,25,0,9.4,2.5,5.6,0
2012/8/21,29.7,34,26.5,0,11.8,3.7,6.7,0
2012/8/22,29.6,33.5,27,0,11,4.5,8,0
2012/8/23,30.1,34.2,26.8,0,11.7,3.3,6,0
2012/8/24,30,35.2,27,0,10.6,3,5.9,0
2012/8/25,29.9,34.4,27,0,9.3,2.9,5.7,0
2012/8/26,30.1,34.8,26.8,0,10.2,2.8,6,0
2012/8/27,30,35,27,0,10.9,3.5,6.5,0
2012/8/28,29.6,33.8,27.3,0,9.6,4,6.5,0
2012/8/29,29.1,32.5,26.7,0,7.4,3.4,6.7,0
2012/8/30,30.2,35.6,26.9,0,9.9,2.7,5.9,0
2012/8/31,29.6,33.8,27.6,0,7.9,3.7,6.8,0
2012/9/1,27.9,31.4,24.3,22.5,4.3,2.9,9.8,0
2012/9/2,25.8,28.6,23.7,17.5,2.3,2.3,4.5,0
2012/9/3,26.9,30.6,24.2,0.5,2.8,2.6,5.8,0
2012/9/4,27.3,31.4,24.1,4.5,4.6,2.2,5.5,0
2012/9/5,28.6,33.2,24.6,0,8.1,2.2,5.2,0
2012/9/6,27.3,32.9,23.7,2,3.5,2.3,8.5,0
2012/9/7,27.6,31.4,23.8,0,6.4,2.1,5.5,0
2012/9/8,28.1,32.5,25.8,0,6,2.8,5.7,0
2012/9/9,28.8,32.8,26.2,0,10.2,3.6,6.5,0
2012/9/10,28.9,33.1,26.3,0,9.7,3.5,5.7,0
2012/9/11,28.7,33.5,25.6,0,9.9,2.7,6.6,0
2012/9/12,28.1,32.9,24.4,0,9.4,2.6,4.9,0
2012/9/13,28.8,33.8,25.3,0,11.4,2.7,6.1,0
2012/9/14,28.8,32.1,26.4,0,9.2,3.8,7,0
2012/9/15,28.3,32.3,26.2,0,8.5,3.1,6,0
2012/9/16,28.3,31.7,26.1,3.5,4.6,2.6,5,0
2012/9/17,27.9,30.7,25.1,8.5,4.8,4.6,8.9,0
2012/9/18,28,31.8,24.8,5.5,4.6,4.6,8.7,0
2012/9/19,26.7,29.1,23.6,36,0.4,3.9,7.7,0
2012/9/20,27.6,31,24.8,0,9.5,2.6,5.6,0
2012/9/21,24.7,26.9,23.1,16,2,2.4,5.1,0
2012/9/22,22.3,25.2,20,10.5,1.3,2.5,5,0
2012/9/23,20.3,22.5,18.5,45.5,0,2.7,5.4,0
2012/9/24,23.2,28.1,19,21.5,7.5,2.2,6.3,0
2012/9/25,20.4,22.4,18,7.5,0,2.6,4.5,0
2012/9/26,21.8,25.5,18.7,0,7,2.8,5,0
2012/9/27,21.2,24.8,18.4,0,4.1,3.9,7.4,0
2012/9/28,22.3,25.1,19.6,0,0.1,3.9,6.9,0
2012/9/29,24.9,28.1,21.8,0,6,2.6,5,0
2012/9/30,25.7,29.5,22.3,13,6.2,5.2,14.1,0
2012/10/1,26.9,31,24.7,0,11.1,4.8,12.4,0
2012/10/2,23.7,26.5,21.8,0,1.7,3.1,5.1,0
2012/10/3,20.7,22.7,18.4,13,0,2.7,4.6,0
2012/10/4,22.5,27.3,18.3,30,6.1,3.5,6.2,0
2012/10/5,23.8,28.1,20.1,0,7.4,1.9,5.9,0
2012/10/6,24,27.9,20.7,8,4.2,2,4.3,0
2012/10/7,19.1,20.9,17.1,13.5,2.1,2.3,6,0
2012/10/8,19.8,23.1,17.7,0,6,2.8,5.3,0
2012/10/9,19.1,22.6,16.6,0,2.5,3.1,5.1,0
2012/10/10,19.2,23,15.6,0.5,4,2.7,5.9,0
2012/10/11,20.8,25,17.6,0,4.8,2.6,4.8,0
2012/10/12,20.9,24.7,16.9,0,6.1,3,5.9,0
2012/10/13,20.7,24.6,17.3,0,9.4,3.4,6.3,0
2012/10/14,17.9,19.5,16.2,0,0.2,2,4.3,0
2012/10/15,21,25.7,16.9,0,6.8,2.6,5,0
2012/10/16,19.1,22.5,15.9,0,9.6,2.5,4.5,0
2012/10/17,17.7,23.4,14.7,19.5,2.8,2.3,5.6,0
2012/10/18,17.8,20.6,13.9,21.5,0,2.4,6.1,0
2012/10/19,16.3,20.1,12.5,13.5,8.2,2.7,5.1,0
2012/10/20,18.1,21.5,13.9,0,7.2,2.5,5.9,0
2012/10/21,19.1,25.5,13.6,0,9.9,2,4.1,0
2012/10/22,19.8,23.3,15.4,0,5.5,2.9,6.8,0
2012/10/23,20.5,25.2,15.1,6,1.2,5,9.7,0
2012/10/24,17.2,20.8,14.1,0,9.7,4.3,8.2,0
2012/10/25,16.6,19.3,14.1,0,0.8,2.2,4.2,0
2012/10/26,18.3,22.5,13.4,0,9,2.6,4.5,0
2012/10/27,18,20.8,15.9,0,5.1,2.9,5.6,0
2012/10/28,15.4,16.4,14.4,20.5,0.5,2.3,4.3,0
2012/10/29,17.7,22.7,14.4,8.5,9.2,3.7,8.3,0
2012/10/30,15.5,17.9,11.8,0,1.5,1.9,4,0
2012/10/31,14.9,18.7,12,0,4,1.9,3.6,0
2012/11/1,15.3,21.5,10.6,0,9.4,2.7,7.1,0
2012/11/2,14.9,19.1,12.4,0,9,3.9,7.3,0
2012/11/3,14,18,11.6,0,4.2,3.2,5.2,0
2012/11/4,14.9,19.2,11.6,0,9.6,2.8,5.5,0
2012/11/5,13.5,16,10.7,0,0.1,2.1,3.7,0
2012/11/6,14,16.1,12.6,41,0,2,4.2,0
2012/11/7,16.5,20.3,12.9,0,7.9,1.9,4.7,0
2012/11/8,15.6,20.5,10.4,0,7.1,2.2,5.3,0
2012/11/9,16.5,20.6,14.4,0,3.5,3.5,6.1,0
2012/11/10,15.7,20.1,12.9,0,9.7,3.5,7.3,0
2012/11/11,13.2,15.1,11.5,14,0.2,1.9,3.8,0
2012/11/12,15.3,19,12.1,3,2.9,2.3,4.5,0
2012/11/13,14.9,18,12.3,0,3.5,2.1,4.8,0
2012/11/14,13.6,19.2,10.1,0,8.4,3.3,7.4,0
2012/11/15,11.7,16.3,8,0,8.6,3.5,5.9,0
2012/11/16,13.3,17.2,9.1,0,9.6,3,5.8,0
2012/11/17,13.7,17.2,10.1,60.5,0,3.6,6.9,0
2012/11/18,12.7,17.1,9.8,0,9.5,4.4,7.7,0
2012/11/19,8.6,9.9,6.6,0,0.4,2.3,4.3,0
2012/11/20,11.8,17.9,5.7,0,9.2,2.5,5,0
2012/11/21,11.4,15,8.9,0,9.2,3.5,7.1,0
2012/11/22,10.9,14.3,7.9,0,3,1.7,3.6,0
2012/11/23,10.3,13.3,7.9,5,0,1.9,3.6,0
2012/11/24,10.5,12.8,8.3,0.5,3.9,2.3,3.9,0
2012/11/25,9.4,12.4,6.1,0,8.8,2.2,4.5,0
2012/11/26,8.8,13.2,6.6,26,0,2.1,5,0
2012/11/27,11,13.7,7.2,0,9.1,4,8,0
2012/11/28,7.2,8.5,5.7,0.5,0.3,1.8,3.8,0
2012/11/29,10.1,16,4.4,3.5,5.9,1.7,3.5,0
2012/11/30,10.5,12.4,9.4,0,0.3,2.4,5,0
2012/12/1,7.3,10.4,5.1,0,2.5,2.5,7.2,0
2012/12/2,5.6,8.6,3.3,2.5,4.4,2.6,5.5,0
2012/12/3,6.7,9.2,3.4,1,0,3.6,5.7,0
2012/12/4,9.9,13.5,7.8,1.5,0.3,2.5,6.1,0
2012/12/5,9.8,13.7,4.7,0,7.6,2.4,6.5,0
2012/12/6,11.9,18.4,7.6,0,8.6,4.6,8.8,0
2012/12/7,8.4,12.8,5.6,0,8.5,2.6,5.1,0
2012/12/8,9.3,17,4.2,0,8.8,3.6,7.7,0
2012/12/9,6.6,10.8,2.8,0,8.5,4.2,7.4,0
2012/12/10,5.4,10.4,1.2,0,8.2,2.7,7.1,0
2012/12/11,6.7,12,1.5,0,8.7,1.6,3.4,0
2012/12/12,7.2,11.2,4,0,8.2,2.3,4.8,0
2012/12/13,7.1,11.9,2.7,0,9,3.4,7.5,0
2012/12/14,7.3,12,2.7,0,7.4,1.8,3.8,0
2012/12/15,7.2,9.1,5.5,2,0,1.5,2.9,0
2012/12/16,12,18.2,5.8,0.5,8.9,3.4,7.5,0
2012/12/17,7.9,9.5,6.2,1.5,0,2.9,5.4,0
2012/12/18,10.4,15.6,7.2,0,5.4,2.7,7,0
2012/12/19,6.1,9,4,0,6.4,4.9,8.3,0
2012/12/20,6.6,10.3,3,0,7.7,2.7,5.4,0
2012/12/21,6.8,9.8,2.3,0,3.9,2,4.5,0
2012/12/22,6.8,11.4,3.3,16.5,1.2,2.7,5.6,0
2012/12/23,7.1,10,4.3,0,0.6,3.2,7.4,0
2012/12/24,5.1,8.3,3.2,0,8.6,3,6.4,0
2012/12/25,4.5,9.7,0.1,0,9,1.5,3.1,0
2012/12/26,4.4,7.5,1.3,0,8.9,4.2,7.6,0
2012/12/27,3.9,7.4,0.8,0,8.8,2.8,6.8,0
2012/12/28,4.2,7.4,0.5,2.5,0,1.8,4.1,0
2012/12/29,7.5,11.5,3.6,1,6.3,2.9,5.4,0
2012/12/30,7.2,8.7,6,40,0,2.1,4.7,0
2012/12/31,8.8,11.3,4.6,0,0.5,2.8,5.9,0
2013/1/1,6.5,9.6,3,0,8.9,2.4,4,0
2013/1/2,10,14.4,4.2,0,8.8,4.5,8.8,0
2013/1/3,5.6,9.9,1.8,0,6.1,3.6,7.5,0
2013/1/4,3.2,6.9,1,0,9,4.6,9.4,0
2013/1/5,2.8,4.8,0.2,0,0.9,2.2,5,0
2013/1/6,4.7,10.3,-1.4,0,5.3,2,4.9,0
2013/1/7,5.5,8.9,2.1,0,4.4,1.9,3.5,0
2013/1/8,6.6,11.4,2.6,0,7.6,2.3,4.1,0
2013/1/9,6.7,9.4,4.4,0,6,2,3.7,0
2013/1/10,5.5,9.1,2.9,0,7.3,2.4,5.7,0
2013/1/11,5.1,8.9,2.6,0,9,3.1,7,0
2013/1/12,4.6,8.8,1.2,0,6.2,2,4.1,0
2013/1/13,7.6,13.5,1.1,0,8.4,1.3,4.3,0
2013/1/14,3.5,10,0.7,64,0,4.1,9,0
2013/1/15,4.4,7.2,0.8,0,8.1,3.7,7.2,0
2013/1/16,3.6,6,1.8,0,2.8,2,4.5,0
2013/1/17,4.3,8.3,-0.2,0,7.8,2.6,5.6,0
2013/1/18,3.3,6.2,0.3,0,9.3,3.7,8.2,0
2013/1/19,5.2,9.8,-0.3,0,9.3,2.4,4.3,0
2013/1/20,6.1,10.4,1.8,0,9,4.1,9,0
2013/1/21,6.5,9.4,2.7,0,6.8,2.2,5.1,0
2013/1/22,6.2,9.3,3.5,3,2.6,2.5,5,0
2013/1/23,6.5,9.5,3.9,0.5,4.1,2.6,5.4,0
2013/1/24,6,9.8,2.5,2.5,4.7,2.5,4.4,0
2013/1/25,6.8,13.4,2.8,0,6.4,2.9,6.6,0
2013/1/26,3.8,7.4,0.9,0,7.6,3.6,6.6,0
2013/1/27,4.8,9.4,0.8,0,9.6,2.9,6.5,0
2013/1/28,5.4,10.5,1.4,0,8.1,3.8,8.5,0
2013/1/29,7.1,12.4,2.1,0,9.5,3.1,6.3,0
2013/1/30,8.1,13.6,3.9,0,9.6,3.5,7.4,0
2013/1/31,5.8,9.6,2.1,0,9.3,2,3.7,0
2013/2/1,7.9,12.6,2.3,0,6.4,2.4,6,0
2013/2/2,15.6,20.9,12,0,4.2,4.1,7.2,0
2013/2/3,9.9,13.2,6.7,0,9.6,3.8,7,0
2013/2/4,10.1,14.8,6.3,0,5.2,2.7,5.9,0
2013/2/5,9.5,12.4,6.1,0,5.6,3.9,7.8,0
2013/2/6,3.4,9,1.6,16,0,3.4,6.4,0
2013/2/7,7.1,12.7,3.2,0,6.6,1.8,4,0
2013/2/8,4.7,7.1,1.9,0,4.4,5,10.2,0
2013/2/9,4.4,8.4,1.4,0,8.9,3.9,7.6,0
2013/2/10,5.4,10.4,1.3,0,9.8,2.2,4.1,0
2013/2/11,5,9.3,2.2,0,9.2,3.4,7.2,0
2013/2/12,4.1,6.9,0.9,0,0.9,2.6,6.1,0
2013/2/13,6.7,12.3,1.1,8.5,9.9,4.1,10.4,0
2013/2/14,7.3,9.9,5,0,2.6,1.8,3.3,0
2013/2/15,5.4,8.3,3.5,3,0,2.5,5,0
2013/2/16,3.1,6,0.4,0,10,6.1,12.6,0
2013/2/17,4.1,8,0.3,0,7.7,3.4,7.8,0
2013/2/18,5.2,8.9,1.8,0,0,2,4.2,0
2013/2/19,5.5,8.9,2.7,0.5,0,5.2,8.4,0
2013/2/20,4.4,8.9,1.6,0,7,4,8,0
2013/2/21,4.5,9,0.9,0,7.2,3.1,6.2,0
2013/2/22,5.5,8.7,1.3,0,8.2,2.7,5,0
2013/2/23,6.2,10.1,3.2,0,9.3,3.2,6.7,0
2013/2/24,3.6,8.1,0.1,0,10.6,4.5,9.7,0
2013/2/25,3,8.5,-0.5,0,10.7,3.7,7.5,0
2013/2/26,5.5,9,1.3,0,10.2,3,6.1,0
2013/2/27,5.5,9.1,2.6,2,0.3,2.1,4.5,0
2013/2/28,9.9,15.7,4.1,0,9.2,2.5,5.5,0
2013/3/1,13.6,17.6,7.9,16.5,1.3,4.3,9.4,0
2013/3/2,8.7,12,4.8,0,9.5,6.2,10.4,0
2013/3/3,6.8,9.7,3.7,0,4.3,3.5,6.9,0
2013/3/4,6.4,9.4,4.2,0.5,2,2.8,4.9,0
2013/3/5,8.4,13.7,3.2,0,10.8,2.7,5.1,0
2013/3/6,11,16.4,4.5,0,10.2,1.9,3.8,0
2013/3/7,13.5,18.7,7.1,0,6.5,3.2,7.1,0
2013/3/8,17.7,23.2,10.8,0,8.3,3.1,8.5,0
2013/3/9,16.7,22.3,11.6,0,10.6,2.8,5.5,0
2013/3/10,13.6,25.3,5.7,0,5.4,5,11.5,0
2013/3/11,7.9,12.4,3.8,0,11.3,4.4,9.2,0
2013/3/12,10.7,15.7,4,0,11,3.2,6,0
2013/3/13,17.2,21.2,13.1,4.5,9.1,7.5,14.5,0
2013/3/14,8.3,14.3,5.9,7.5,2.3,3.8,8.5,0
2013/3/15,9.2,13.8,4.6,0,10.3,2.7,5.8,0
2013/3/16,12.5,17.8,7.1,0,10.5,2.7,7.9,1
2013/3/17,12.9,16.5,8.5,0,10.1,4.3,9.5,1
2013/3/18,18.3,20.7,14.5,0.5,3.1,7.4,12.7,1
2013/3/19,19.7,25,15.5,1.5,10.5,3.3,10.3,1
2013/3/20,17.4,20.8,15.1,1.5,4.7,3.4,7.3,1
2013/3/21,11.7,16.2,7.7,0,11.3,4.5,9.1,1
2013/3/22,13.2,18.6,7.2,0,7.8,2.9,6.3,1
2013/3/23,13.7,17.7,11.4,0,6.2,3,6.7,0
2013/3/24,11,13.3,9.2,0,0.8,2.3,4.3,0
2013/3/25,9.8,11.2,6.7,5,0,2.9,6.3,0
2013/3/26,9.4,13.2,5.5,0,5.4,3.8,7.9,0
2013/3/27,8.3,10.1,6.4,5,0,2.6,5.1,0
2013/3/28,15,20.5,9.6,0,5.9,1.9,5.6,0
2013/3/29,16,20.5,12.3,0,0.9,2.6,6.1,0
2013/3/30,9,12.6,7.6,0,0,3.1,5.2,0
2013/3/31,7.4,8.3,6.7,2,0,2.2,4,0
2013/4/1,11.2,15.2,6.9,0,7.9,2.7,7.2,0
2013/4/2,10.6,12.6,8.3,53.5,0,2.3,4.2,0
2013/4/3,13.7,16.6,11.3,60,0.3,5.1,9.4,0
2013/4/4,17.2,21.4,10.8,0,9,3.2,7.7,0
2013/4/5,18.1,22.5,13.5,0,8.9,3.1,7.2,0
2013/4/6,17.4,20.7,15.3,99.5,0.4,3.7,8.8,0
2013/4/7,17.7,23.1,11.9,9.5,9.2,5.4,12,0
2013/4/8,14.7,20.2,10.5,0,11.7,3.9,8.7,0
2013/4/9,16.9,21.7,10.7,0,8.9,4.2,10.2,0
2013/4/10,13.6,17.9,8,0,2.9,3.4,7.1,0
2013/4/11,9.7,13.6,6,0.5,5.9,2.7,5.4,0
2013/4/12,11.4,15.7,6.5,0,9.2,2.9,7.3,0
2013/4/13,12.3,16.2,7.4,0,11.7,3.1,6.9,0
2013/4/14,16.6,20.6,10,0,6.7,5.8,11.5,0
2013/4/15,17.2,22.6,12.7,0,11,3.9,7,0
2013/4/16,16.4,21.4,11.4,0,10.1,3.1,6.8,0
2013/4/17,20.9,23.3,16.4,0,0.3,5.6,10.4,0
2013/4/18,19.9,23.4,16.2,0,10,4.9,8.6,0
2013/4/19,14.5,19.9,10.2,0,0.4,4,6.9,0
2013/4/20,9.2,11.5,6,7.5,0,2.7,5.5,0
2013/4/21,7.4,10.2,5.3,23.5,0,3.9,6.8,0
2013/4/22,11.8,17.3,6.8,0,10.8,4.2,8.4,0
2013/4/23,14.3,18.7,7.9,0,9,3,5.9,0
2013/4/24,16.8,18,15.5,25.5,0,5.1,8,0
2013/4/25,18,22.8,13.4,3.5,7.4,4.1,6.7,0
2013/4/26,17.5,22.6,12.3,0,9.8,4.2,9.7,0
2013/4/27,15.8,21.2,11.2,0,10.8,3.9,7.6,0
2013/4/28,16.8,20.5,12.8,0,12.6,3.5,6.6,0
2013/4/29,17.9,21.7,12.1,0,10.3,2.9,6.1,0
2013/4/30,19.6,21.9,15.9,0,0.8,5.8,9.3,0
2013/5/1,14.5,18.7,12,5,2.4,3.2,5,0
2013/5/2,14.6,19.7,10.6,4.5,4.4,3.6,6.2,0
2013/5/3,14.8,19.1,11.1,0,7.9,3.1,6.2,0
2013/5/4,16.2,20.3,11.3,0,10.4,2.6,5.9,0
2013/5/5,18.1,22.9,14.1,0,11.9,3.3,6.6,0
2013/5/6,20.1,25.3,14.5,0,10.9,3.5,8.2,0
2013/5/7,15.5,20.4,10.7,0,12.9,6.5,10.8,0
2013/5/8,17.3,23.7,10.5,0,12.6,3.5,6.4,0
2013/5/9,19.5,24.8,14.4,0,12.5,2.8,6.2,0
2013/5/10,22.4,28.5,16.2,0,7.8,2.9,7.8,0
2013/5/11,18.9,20.8,17.3,20,0,2.3,7.3,0
2013/5/12,19.9,25.3,16.4,4,10.2,3.2,6.2,0
2013/5/13,19.2,23.7,15.8,0,2.7,3.4,7.4,0
2013/5/14,22.8,27.8,17.7,0,11.4,2.4,5,0
2013/5/15,20.7,25.5,16.9,0,9.8,4.4,8.5,0
2013/5/16,20.5,26.7,15.2,2,7.1,3,5.5,0
2013/5/17,18,23.6,12.9,0,12.8,3,5.5,0
2013/5/18,19.9,24.5,16.1,0,7.7,3.9,8.4,0
2013/5/19,20.1,23.4,16.8,4.5,6.6,4.6,8.1,0
2013/5/20,19.1,21,16.8,12,0,1.5,3.8,0
2013/5/21,23.2,26.5,20.2,0.5,3.9,2.6,6,0
2013/5/22,22.3,26.6,19,0,10.9,2.8,6.5,0
2013/5/23,22.5,26.2,19.9,0,10.2,3.1,7,0
2013/5/24,22.2,28.2,15.7,0,13,3.4,6.7,0
2013/5/25,18.2,22.9,14.2,0,3.5,3.1,5.9,0
2013/5/26,21.7,26.6,18.8,0,5.1,2.9,6.2,0
2013/5/27,22.3,26.1,19.8,0,6.7,3.4,6,0
2013/5/28,22.2,25.4,20.5,0,2,4.6,7.4,0
2013/5/29,22,24.4,20.7,0,0.4,5,8.5,0
2013/5/30,21.4,22.7,20.2,2.5,0,5.2,8.4,0
2013/5/31,22.6,27.2,18.7,1,9.4,3.3,6.1,0
2013/6/1,20.3,26,16.6,0,6.7,2.7,5.9,0
2013/6/2,18.3,23.3,14.7,0,7.3,3.2,5.4,0
2013/6/3,20,24.9,14.7,0,8.6,2.4,5.2,0
2013/6/4,23.2,29.1,18.7,0,12.8,2.8,5.9,0
2013/6/5,22.8,27.7,20,0,11.4,3.8,7.6,0
2013/6/6,22.6,25.3,20.7,0,0.6,3,5.4,0
2013/6/7,22.2,25.4,20.5,0,2.7,2.8,5.4,0
2013/6/8,22.3,27.7,18.7,0.5,6.6,2.4,5.3,0
2013/6/9,23.6,29.1,19.3,0,9.5,2.9,5.2,0
2013/6/10,23.6,27.5,21.5,0,0.9,2.3,5.1,0
2013/6/11,21.4,23,19.8,4.5,0,2,3.7,0
2013/6/12,21.1,24.1,19.3,7,0,2.6,4.7,0
2013/6/13,21.4,22.5,20.7,41,0,3.3,4.9,0
2013/6/14,23.5,27,20.5,11.5,0.4,2.1,3.8,0
2013/6/15,26,29.9,23.1,0,5.4,2.6,6.1,0
2013/6/16,22.9,25.2,21.2,26.5,1.6,2.5,5.1,0
2013/6/17,24.6,29.3,20.7,0,5.9,2.5,5.2,0
2013/6/18,26.9,30.2,23.8,0,4,2.5,5.1,0
2013/6/19,26.7,28,23.9,1,0,5.1,11.6,0
2013/6/20,22.3,24.3,20.8,9,0,3.1,7,0
2013/6/21,21.8,24,19.7,13,0,2.1,4.9,0
2013/6/22,22.8,26.4,18.7,0,6.3,2.4,6,0
2013/6/23,23.4,27.9,19.5,1.5,6.1,2.7,6.6,0
2013/6/24,23.3,27.7,19.7,3.5,2.8,2.1,5.3,0
2013/6/25,24.1,26.3,22.5,0,0.3,2,4.9,0
2013/6/26,21.8,23.7,19.5,37.5,0,2.7,4.7,0
2013/6/27,23,27.5,19,2.5,9.4,3.3,5.8,0
2013/6/28,22.4,25.5,19.3,0,3.7,2.8,5.2,0
2013/6/29,24,28.5,21.2,0,5.6,2.8,8.1,0
2013/6/30,24.2,27.8,22,0,5.3,3.6,6.9,0
2013/7/1,23.8,26.1,22.3,0,0.4,3.8,6.2,0
2013/7/2,24.3,27.9,22,0,8.5,3.2,5.7,0
2013/7/3,24.1,27.4,22.3,0,1.5,5.2,8.3,0
2013/7/4,25.2,27.3,23.2,0.5,0,3.9,6.8,0
2013/7/5,26.8,28.9,24.2,2,0,5.9,9,0
2013/7/6,29.2,33.7,26.8,0,8.8,6.4,9.6,0
2013/7/7,29.5,35.4,25.8,7.5,11.1,3.5,6,0
2013/7/8,29.4,35.3,25.7,4.5,9.8,2.1,7.9,0
2013/7/9,30.1,35.4,25.7,0,12.8,2.5,5.1,0
2013/7/10,30.2,35.3,26.9,0,10.8,2.6,5.1,0
2013/7/11,30.3,34.5,27.4,0,10.9,2.4,5.3,0
2013/7/12,30.9,34.9,27.8,0,10.9,2.5,5.8,0
2013/7/13,30.7,34.4,27.9,0,1.4,1.7,4.4,0
2013/7/14,29.3,34.6,24.8,36.5,4.9,2.4,7.4,0
2013/7/15,28.5,35.1,22.5,0,6.5,3.2,7.6,0
2013/7/16,25.3,29.1,21.6,0,4.8,2.6,5.2,0
2013/7/17,24.6,29.1,22.1,10.5,1.3,2.5,5.3,0
2013/7/18,27.7,31.8,23.8,1,4.9,3.2,6.5,0
2013/7/19,25.4,30.5,21.4,0,8.7,2.8,5.9,0
2013/7/20,23.9,28.3,21.1,0,3.2,2.4,4.3,0
2013/7/21,24.8,29,21,0,8.7,2.5,5.6,0
2013/7/22,26.5,30.4,23.5,0,6.1,2.8,6.5,0
2013/7/23,28,35.2,25.2,24.5,5.9,2.2,7.5,0
2013/7/24,25.4,27.1,24.3,1.5,0,2.6,4.8,0
2013/7/25,26.7,29.3,24.1,0,0,1.5,3,0
2013/7/26,28.4,32.3,25.5,0,5.1,2.7,5.3,0
2013/7/27,27.6,33.1,22.3,19.5,5.2,3,7.8,0
2013/7/28,27.3,31.8,22.9,0.5,8.1,2,4.3,0
2013/7/29,26.3,27.3,24.9,7,0,2.1,4.6,0
2013/7/30,27.8,31.2,25,0,2.3,2.5,5.6,0
2013/7/31,27.4,30.7,25.2,0,0.8,2.7,5.6,0
2013/8/1,27.5,32.8,24.2,0.5,3.2,2.4,5.7,0
2013/8/2,25.6,29.1,23,0,4,2.6,5.3,0
2013/8/3,26.7,30.8,23.5,0,6.6,2.5,5,0
2013/8/4,27.8,31.3,25.4,0,2.3,3,6.1,0
2013/8/5,29.1,32.2,26.9,0,7.9,4.4,7.2,0
2013/8/6,28.7,32,25.4,10.5,1.7,2.9,6.1,0
2013/8/7,30,34.5,26,0,10.1,2.8,6.9,0
2013/8/8,30.3,34.1,27.3,0,7.7,2.6,5.4,0
2013/8/9,31,34.5,27.7,0,9.4,2.6,6.2,0
2013/8/10,33.2,37.4,29,0,10,2,4.3,0
2013/8/11,32.9,38.3,30.4,0,8,2.2,5.8,0
2013/8/12,31.3,35.8,27.9,3.5,7.8,2.7,7.1,0
2013/8/13,30,34.7,26.2,6.5,7.9,3.1,5.9,0
2013/8/14,30.2,34.3,27.3,0,8.5,2.6,5.6,0
2013/8/15,30,34.9,26.5,0,10.3,3.1,6.6,0
2013/8/16,29.7,33,27.6,0,8.9,4,7.6,0
2013/8/17,29.6,32.9,27.3,0,10.1,4.5,8.4,0
2013/8/18,29.6,33.3,27.5,0,10.8,4.7,7.3,0
2013/8/19,30.3,34.2,27.7,0,11.2,4.2,7,0
2013/8/20,30.5,33.9,28.1,0,7.7,4.4,6.9,0
2013/8/21,29.1,33.4,25.4,26.5,2,2.3,5.8,0
2013/8/22,28.5,32.1,25,0,2.8,2.4,5,0
2013/8/23,28.2,30.9,24.8,7.5,0,2.1,6,0
2013/8/24,29,33.5,24.8,0.5,1.6,2.1,5.2,0
2013/8/25,25.5,28.5,23.1,3.5,0,1.6,3.7,0
2013/8/26,26.7,29.6,23.5,4.5,3.9,2.7,6.1,0
2013/8/27,25.4,30.5,20.3,35.5,9.6,2.7,5.2,0
2013/8/28,27.8,33.2,23.2,0,11.1,2.6,5.5,0
2013/8/29,28.3,32.6,25,0,7.4,3.1,6.9,0
2013/8/30,31.4,36.8,27.5,0,10.2,3.5,5.9,0
2013/8/31,30.8,35.3,27.8,0,7.9,3.6,8,0
2013/9/1,30.4,35.7,26.3,0,10.6,3.7,6.7,0
2013/9/2,29,33.1,25.8,0,5.5,3.2,7.2,0
2013/9/3,29.6,33.7,27.3,0,8.2,4,6.6,0
2013/9/4,27.9,30.8,24.7,14,3.1,4.6,10.3,0
2013/9/5,27.5,29.4,24.8,24,2.6,3.9,6.5,0
2013/9/6,26,28.3,24,0,0.4,2.8,5.1,0
2013/9/7,25.9,29.1,23.2,0,1,2.3,4.6,0
2013/9/8,25.2,28.9,21.7,46,0.1,2.6,5.1,0
2013/9/9,24.6,28.7,21.8,0,5.7,2.3,4.3,0
2013/9/10,24.8,27.9,21.4,1.5,3.5,2.2,4.1,0
2013/9/11,24.7,27.7,22.2,3.5,0.3,2.3,4.6,0
2013/9/12,27.6,31.5,23.3,0,11.7,2.2,4.5,0
2013/9/13,28.2,32,25.5,0,8.3,2.7,6.7,0
2013/9/14,28.6,32.5,25.8,0,4.7,2.7,5.3,0
2013/9/15,26.7,29.4,23.5,78,2.1,2.6,6,0
2013/9/16,26.5,29.3,21.7,16.5,0.1,6.9,14,0
2013/9/17,23.5,28.6,19.9,0,11.2,3.2,5.9,0
2013/9/18,23.7,28.7,19.2,0,11.4,2.3,4.6,0
2013/9/19,23.9,28.8,19.5,0,10.6,2.3,4.6,0
2013/9/20,24.9,29.3,20.2,0,10.8,3.3,6.8,0
2013/9/21,25.6,29.9,21.9,0,10.8,2.5,4.7,0
2013/9/22,25.3,30.1,22.4,0,6,2.5,5.4,0
2013/9/23,22,24.3,19,0,2.8,3.8,5.9,0
2013/9/24,22.7,26.4,17.6,4,1.7,2.8,5.9,0
2013/9/25,23.3,24.6,21.7,38,0,2.6,4.3,0
2013/9/26,22.1,24.2,18.1,6,1.1,3.6,6,0
2013/9/27,19.8,24.2,16.8,0,10.5,2.9,4.7,0
2013/9/28,20.3,25.3,15.7,0,7.3,2.2,4.5,0
2013/9/29,22.2,26.2,19.6,0,5.1,1.9,4.1,0
2013/9/30,22.2,26.2,18.6,0,7,2.5,4.8,0
2013/10/1,22.3,23.9,19.5,4,0,2.5,4.7,0
2013/10/2,23.4,26.4,21,35,1,2.9,6,0
2013/10/3,24.5,28.8,20.2,0.5,7.8,2.8,5.3,0
2013/10/4,18.3,20.5,16.8,2.5,0,3,5.1,0
2013/10/5,17.8,19.3,15.2,30,0,3.4,5.1,0
2013/10/6,21.4,24.3,18.8,0.5,0.7,2,3.6,0
2013/10/7,23.6,27.1,20.6,0,2.6,2,4.1,0
2013/10/8,25.4,29.6,22.7,0,7.5,3.5,5.9,0
2013/10/9,26.1,28.8,24.4,0,5.3,5.6,10.9,0
2013/10/10,25,28.4,22.5,0.5,1.2,2.4,4.8,0
2013/10/11,25.7,30.2,22,0.5,7.4,4.9,10.3,0
2013/10/12,26.1,31.3,19.8,0,8.8,4.1,9.1,0
2013/10/13,21.6,26.3,18.2,0,10.1,3.8,8.1,0
2013/10/14,20.8,25.6,16,0,8.3,2.4,4.5,0
2013/10/15,18.2,21.3,16.9,69.5,0,3.1,5.8,0
2013/10/16,20.1,26,16.2,176.5,2.8,6.9,14.1,0
2013/10/17,18,21,15.2,0,5.8,3.2,6.8,0
2013/10/18,17.2,20.1,15.2,0,4.6,2.8,4.8,0
2013/10/19,16.2,18.8,14.4,2.5,0.5,3.1,5,0
2013/10/20,15.2,16.2,14.1,61,0,3.9,8.5,0
2013/10/21,18.4,21.7,15.2,0,1.4,2.1,4.3,0
2013/10/22,18.6,20.5,16.9,0,0,2.7,4.6,0
2013/10/23,17.5,20.1,16.1,0,0.2,2.8,4.7,0
2013/10/24,16,17.5,15.1,2,0,2.8,4.4,0
2013/10/25,18,20.4,15.7,14,0,2.3,5.6,0
2013/10/26,15.4,17.9,13.5,36,0.3,3.1,6,0
2013/10/27,16.6,21.1,12,0,9.8,3.4,7.4,0
2013/10/28,16.1,20.3,12.1,0,9.3,2,4,0
2013/10/29,14.7,16,13.2,5,0.1,2.1,4.1,0
2013/10/30,18,22.1,14.9,0,7.1,2.2,6.5,0
2013/10/31,17.8,21.5,13.8,0,7.8,2.1,4.1,0
2013/11/1,17.2,20.5,14.1,0,8.8,2.2,5.7,0
2013/11/2,15.4,17,13.6,0.5,0,1.8,3.5,0
2013/11/3,17.4,21,15.2,0,2.4,1.4,2.8,0
2013/11/4,16.6,18.4,15,5,0.9,2,4.3,0
2013/11/5,16,19.7,13.2,0,9.6,2.5,4.7,0
2013/11/6,16,20.7,11,0,7.4,3,6.9,0
2013/11/7,15,17.8,12.8,4.5,0.4,1.6,3.1,0
2013/11/8,16.5,21.5,12.3,0,8.9,2.9,5.2,0
2013/11/9,13.3,15.1,11.8,0,0.3,2.3,5,0
2013/11/10,16.6,21.4,11.9,0,1.2,3.8,8.7,0
2013/11/11,12.5,16.8,8.3,1.5,2.9,3.7,8.2,0
2013/11/12,9.6,12.5,7.9,0,1.5,2.2,4.5,0
2013/11/13,9.8,14.1,6.4,0,7.7,3.3,6.2,0
2013/11/14,10.8,14.5,6.2,0,6.9,2,3.8,0
2013/11/15,11.3,12.7,10.1,0.5,0.3,2.3,5.6,0
2013/11/16,12.9,17.4,8.1,0,9.4,2.2,4,0
2013/11/17,14.1,19.2,9.3,0,9,2.2,5.9,0
2013/11/18,14.4,20.1,9.9,0,8.6,3,7.1,0
2013/11/19,12.7,17.4,8.2,0,8.9,3.4,7.3,0
2013/11/20,12.2,17.2,7.4,0,9.5,2.9,5.8,0
2013/11/21,12,16.3,7.3,0,9.4,2,4.6,0
2013/11/22,12.4,17.6,7.2,0,9.2,2.2,4.3,0
2013/11/23,12.6,15.7,9.6,0,9.2,2.5,4.3,0
2013/11/24,12.6,17.4,7.1,0,9.1,1.8,3.9,0
2013/11/25,14.5,19.4,9.9,14,0,3.6,10.6,0
2013/11/26,15.1,19.1,11.2,0,7.8,2.7,6.9,0
2013/11/27,12.9,16,9.7,0,7,3.9,8.2,0
2013/11/28,14,18,8.7,0,3.5,3.8,7.4,0
2013/11/29,9.8,14.1,5.9,0,9.1,3,7.4,0
2013/11/30,10.2,14.1,6,0,8.5,2.6,5,0
2013/12/1,10.4,15,5.1,0,9,1.4,3.5,0
2013/12/2,10.8,15.3,6.7,0,8.9,1.7,3.7,0
2013/12/3,11.7,16.3,7.3,0,8.9,2.1,3.9,0
2013/12/4,11.5,14.5,8.9,0,7.2,2.2,4,0
2013/12/5,11.6,16.3,7.5,0,8.8,2.1,3.9,0
2013/12/6,12.5,17.6,7,0,7.3,1.9,4.3,0
2013/12/7,11.1,14.6,8.8,0,6.8,2.1,3.8,0
2013/12/8,8.8,11.2,6.7,0,2.7,2.4,4.9,0
2013/12/9,8.2,11,4.9,0,0.7,1.5,4.6,0
2013/12/10,9.5,14.1,5.1,9.5,0.4,2.7,8.2,0
2013/12/11,10.1,12.8,7.3,0,4,2.9,6.3,0
2013/12/12,9.9,13.2,7.9,0,7.8,2.9,6.7,0
2013/12/13,9.7,14.9,4.1,0,8.5,4.3,9.7,0
2013/12/14,7.6,11.2,4.6,0,9,2,4.4,0
2013/12/15,7.2,11.4,2.8,0,9,2.6,7.3,0
2013/12/16,8.2,11.9,5.4,0,8.2,4.9,9.3,0
2013/12/17,9.2,12,7,0,4.4,2.2,4.9,0
2013/12/18,6.6,8.8,3.6,9,0,2.6,5.5,0
2013/12/19,6.3,7.6,3.7,26.5,0,3.9,6,0
2013/12/20,6.1,9.4,3.3,12.5,0.5,3.2,9,0
2013/12/21,6.8,11,2.8,0,7.6,1.9,4.1,0
2013/12/22,7.6,11.4,5.5,0,9.1,3.5,7.4,0
2013/12/23,6.4,8.4,4.4,0,0.8,1.8,5,0
2013/12/24,7.6,12.5,4.5,0,7.3,2.9,5.9,0
2013/12/25,6.7,10.3,3.3,0,8.9,2.3,5,0
2013/12/26,6.3,10,3.4,0.5,0.1,2,4.4,0
2013/12/27,7,9.4,5.1,1.5,0,2.5,7.5,0
2013/12/28,5.4,9.3,2.7,0,9,2.5,5.3,0
2013/12/29,4.9,9.5,0.5,0,9,2.1,4.2,0
2013/12/30,5.4,10.5,0.6,0,8.9,1.6,4.4,0
2013/12/31,6.9,12.7,1.3,0,9,1.4,3.7,0
2014/1/1,9.6,15.5,3.1,0,9,2.8,7.2,0
2014/1/2,7.3,12.1,3.1,0,8.8,2.8,6.4,0
2014/1/3,5.9,8.5,3.8,0,3.7,1.7,3.6,0
2014/1/4,6.5,11.7,2.4,0,5.5,2.5,6.2,0
2014/1/5,5.4,7.3,3.9,0,0.4,3.3,6.3,0
2014/1/6,5.3,10.5,2.1,0,8.8,3.7,8.4,0
2014/1/7,5.5,9.9,1.9,0,8.3,2,4.7,0
2014/1/8,7.3,12.8,2.8,15.5,2.7,1.9,5,0
2014/1/9,7.2,11.8,3,4,1.6,4,9.1,0
2014/1/10,3.6,6.8,1.4,0,8.6,4.2,8.4,0
2014/1/11,4.3,9,0.7,0,8.9,1.7,3.5,0
2014/1/12,5.3,9.5,1.4,0,7.4,1.9,3.9,0
2014/1/13,5.1,8.3,2.4,0,8.6,3.5,7.1,0
2014/1/14,4.2,7.7,1.7,0,6.1,3.4,6.9,0
2014/1/15,3,4.4,1.8,0,0.4,2.4,4.2,0
2014/1/16,4.8,9.1,-0.2,0,9.1,2.3,5.3,0
2014/1/17,5.8,9.5,2.9,0,7.2,2.7,5.3,0
2014/1/18,5.2,8.6,2.8,0,7,2,4.2,0
2014/1/19,4.2,7.1,2,0,9.3,4.7,10.3,0
2014/1/20,4.8,8.5,0.7,0,7.7,1.9,5.2,0
2014/1/21,6.3,11.8,1.8,2,6.3,2,5.6,0
2014/1/22,5.5,9.6,2.1,1.5,8.6,2.3,4.9,0
2014/1/23,6.5,11.1,2.8,0,9.4,2.5,5.2,0
2014/1/24,7.2,12.6,2.4,0,6.6,2.1,3.9,0
2014/1/25,8.4,12.4,3,0,1.2,1.3,5.3,0
2014/1/26,9.5,14.5,2.4,0,5,4.9,9.9,0
2014/1/27,4.6,7.5,1.4,0,9.5,3.2,7.1,0
2014/1/28,8.8,15,1.1,0,9.1,3.1,7,0
2014/1/29,8.9,12.8,4.9,0,9.5,3,6.2,0
2014/1/30,10.3,15.8,5.1,1.5,0.4,2.7,9,0
2014/1/31,9.9,15.9,6.2,0,9.4,3,6.3,0
2014/2/1,7.9,12.3,3.8,0,8.1,1.8,4.1,0
2014/2/2,9.3,13.3,6.1,0,3.4,1.5,3.7,0
2014/2/3,12.8,17.8,7,0,5.9,2.2,6.5,0
2014/2/4,5,11.8,0.9,5,0,3.7,8.2,0
2014/2/5,1.6,5.2,-0.5,0,8.6,4.5,7.8,0
2014/2/6,2.7,6.2,-0.3,0,3.3,3.7,6.3,0
2014/2/7,4,7.2,1.1,0,7.7,2.9,5.7,0
2014/2/8,0.3,4,-0.9,29.5,0,4.9,9,0
2014/2/9,5.4,9.2,1.1,1.5,6.7,3.9,8.2,0
2014/2/10,6,8.7,3.3,0,4.3,2.9,6.3,0
2014/2/11,3.3,4.6,2.1,0,0,3.5,6.1,0
2014/2/12,4.8,8.2,2.8,0,2,3.3,5.8,0
2014/2/13,5.3,8.2,2.4,0,0,2,4.3,0
2014/2/14,1.4,5.4,-0.2,28.5,0,3.8,6.8,0
2014/2/15,3.9,6.9,-0.2,67.5,0.5,5.4,9.8,0
2014/2/16,6.9,10,4.5,0,9.8,5.6,11,0
2014/2/17,7.3,12.9,3.9,0,9.3,3.6,7,0
2014/2/18,4.7,8.8,2.9,0,8.4,4.9,7.8,0
2014/2/19,4.7,9,1.5,0,8.5,4.3,7.6,0
2014/2/20,4.6,7.6,1.4,0,3.9,1.9,4.8,0
2014/2/21,5.5,10.3,2.8,0,9.9,3.7,7,0
2014/2/22,5.1,9.5,1.7,0,9.3,3,6.1,0
2014/2/23,5.6,8.3,2.9,0,2.6,2.2,4,0
2014/2/24,6.3,8.8,4,0,2.3,2,3.7,0
2014/2/25,8.2,12.9,3.4,0,10.1,2.1,5,0
2014/2/26,10,14.2,5.7,0,9.9,2.8,5.3,0
2014/2/27,10,13.7,6.8,7.5,0,2.2,6.1,0
2014/2/28,13.8,18.6,8.5,18,5.3,3.2,6.7,0
2014/3/1,8.9,12.7,7,1,0,2.2,4.6,0
2014/3/2,5.6,7.2,4.9,15,0,2.7,4.5,0
2014/3/3,6.6,10.9,4.4,1,3.7,3.1,6.3,0
2014/3/4,6.9,10.9,2.3,1,9.4,2.6,5.6,0
2014/3/5,6.5,9.3,4.8,30,0,2.8,6.8,0
2014/3/6,5.4,9,3,0,10.5,5.6,10.2,0
2014/3/7,4.4,9.2,1.8,0,5.7,3.3,6.6,0
2014/3/8,5.9,10.2,1.9,0,10.9,2.9,5.8,0
2014/3/9,6.4,9.9,3.1,0,7,2.6,5,0
2014/3/10,4.9,8.8,1.4,0,7.4,4.9,9.4,0
2014/3/11,6.1,11.1,1.3,0,11.2,3.3,6.4,0
2014/3/12,11,16.6,3.3,0,8.9,2.7,6.1,0
2014/3/13,12.3,18.2,8.5,30.5,0.6,3.8,9.5,0
2014/3/14,10.1,13.4,6.7,0,0.1,3.6,7.4,0
2014/3/15,8.3,12,4.5,0,10,4.1,7.4,0
2014/3/16,10.8,17.5,4.5,0,11,2.8,6.9,0
2014/3/17,12.1,16.8,6.6,0,10.8,3.1,7.1,0
2014/3/18,15.4,20.3,8.2,0,9.7,4.8,11.8,0
2014/3/19,11.2,13.5,9.7,0,4,3.5,7.1,0
2014/3/20,8.1,10.4,6.7,17,0,2.8,5.5,0
2014/3/21,10.1,14.5,7,0,8.7,5.2,9.8,0
2014/3/22,9.3,14,5.1,0,11,3.9,6.4,0
2014/3/23,11.6,16.8,7.2,0,10.5,3,6,0
2014/3/24,13.6,18.5,8.5,0,11.3,3.5,6.8,0
2014/3/25,16.6,22.3,11.5,0,10.3,2.5,5.3,1
2014/3/26,16.4,19.4,13.8,0,0.5,2.6,6.7,1
2014/3/27,12.6,15.4,10,4.5,0,2.5,5.3,1
2014/3/28,14.8,20.2,8.4,0,11.6,3,6.6,1
2014/3/29,17.7,22.2,13.4,0,9.5,3.9,6.7,1
2014/3/30,16.5,19.3,14.9,13.5,0.4,5.4,11.3,1
2014/3/31,15.7,20.1,12.7,0,10.3,5.5,10.2,0
2014/4/1,13.9,18.1,10.9,0,10,3.1,6.8,0
2014/4/2,15.2,19.6,10,0,7.6,2.6,6.2,0
2014/4/3,13.8,15.6,12.9,65,0,2,3.4,0
2014/4/4,15.3,22,11,40,4.4,3.7,8.8,0
2014/4/5,11.4,14.9,8.4,0,7,3.7,8.6,0
2014/4/6,9,13.4,6.4,7,4.7,3.2,8.8,0
2014/4/7,11.4,16.5,6.3,0,11.2,3.1,6.1,0
2014/4/8,15.8,22.3,9.2,0,11.5,2,4.7,0
2014/4/9,15.5,20.4,11.3,0,8.2,2.5,5.8,0
2014/4/10,16.1,22.9,10.3,0,10.7,3.9,9.9,0
2014/4/11,12.9,18.7,7.7,0,10.8,3.9,9.3,0
2014/4/12,14.6,20,9.3,0,11.7,2.8,5.3,0
2014/4/13,14.4,18.7,9.6,0,7,2.5,6.3,0
2014/4/14,14,17.6,11.1,0,8.4,3.2,6.1,0
2014/4/15,16.3,20.6,10.3,0,11.8,3.4,7.1,0
2014/4/16,18.7,23.3,13.8,0,10.5,3,8.4,0
2014/4/17,17.7,21.8,13.5,0,9.6,2.8,5.2,0
2014/4/18,11.8,18.2,8.6,0.5,0,2.7,5,0
2014/4/19,11.7,17.9,8.4,0.5,5.9,3.2,6.4,0
2014/4/20,11,14.1,6.9,0,1.1,2.4,4.6,0
2014/4/21,13.4,17.5,10,7,0.2,2.7,7.2,0
2014/4/22,15.2,20,12.3,4.5,4.9,2.7,6.1,0
2014/4/23,16.2,21.3,11.9,3.5,10.1,2.8,6.6,0
2014/4/24,16.6,21.7,12.7,0,10.4,3.1,7.8,0
2014/4/25,17.8,22.5,12.9,0,11.7,3.2,5.8,0
2014/4/26,18.2,23.9,14.1,0,12.1,3,5.7,0
2014/4/27,18.1,22.7,14.7,0,12.2,4,7,0
2014/4/28,18.6,23.2,14.9,0,4.1,3.7,7,0
2014/4/29,17.8,20.6,15.8,0,0.5,2.8,5.7,0
2014/4/30,16.7,18.5,14.1,27,0,3.8,8.5,0
2014/5/1,20.6,24.5,17.7,23,6.8,4.2,7.9,0
2014/5/2,21,25.6,17.3,0,10.4,2.7,5.7,0
2014/5/3,21.3,25.6,15.9,0,10.9,2.8,6.5,0
2014/5/4,18.6,23,14.8,0,11.1,4.5,8.9,0
2014/5/5,18.1,20.7,16.7,0,0,3.9,7.4,0
2014/5/6,14.3,18,12.5,3.5,0,3,6.2,0
2014/5/7,16.5,21.5,11.2,0,11.7,3.2,6.2,0
2014/5/8,18.7,21.5,16,0,8.1,5.5,10.6,0
2014/5/9,19.3,26.8,14.4,1.5,11,3.2,11.3,0
2014/5/10,19.8,24.9,13.6,0,11.8,4.4,9.8,0
2014/5/11,20.6,25.3,17,0,13,3.3,6.3,0
2014/5/12,19.6,23.3,17.1,1,8.1,5.8,11.1,0
2014/5/13,19.3,22.7,16.5,5.5,2.2,3.2,7.7,0
2014/5/14,21.9,27.2,17.4,0,6.5,3.3,7.3,0
2014/5/15,19.9,21.9,17.9,0.5,1.1,2.5,5.4,0
2014/5/16,21.5,25.7,18,0,8.2,3.7,8.6,0
2014/5/17,21.1,26.2,17,0,11.3,4.1,8.7,0
2014/5/18,20.5,25.2,16.1,0,13.1,2.9,6.3,0
2014/5/19,21.1,25.7,17.4,0,10,2.6,5.6,0
2014/5/20,21.7,25.6,18.8,0,7.1,2.9,5.9,0
2014/5/21,17.5,19.5,15.9,52,0,3.7,7.4,0
2014/5/22,18.6,22.8,13.5,19.5,7.9,2.4,5.9,0
2014/5/23,17.8,21.7,14.2,0,6.4,3,5.1,0
2014/5/24,20.6,25.4,15.4,0,11.6,3.6,6.6,0
2014/5/25,22.7,27.3,20,0,5.2,2.8,4.3,0
2014/5/26,21.3,24.6,18.6,7.5,1.3,4.8,10.4,0
2014/5/27,21.4,26.5,17.7,21.5,2.1,2.8,6.1,0
2014/5/28,22.7,27.7,19.8,0,6.6,2.9,6.7,0
2014/5/29,23.1,27.5,19.3,0,8.8,2.4,5.3,0
2014/5/30,24.1,29,20,0,11.8,2.6,5.9,0
2014/5/31,25.6,31.6,20.2,0,12.4,2.4,5.3,0
2014/6/1,26.6,33.1,21,0,13.1,2.4,5.2,0
2014/6/2,25.5,31.4,20.5,0,11.2,2.3,6,0
2014/6/3,24,28.9,20.4,0,7.8,2.6,5.7,0
2014/6/4,24.3,29.4,22.1,0,8.1,3.4,7.4,0
2014/6/5,21.2,23.3,18.6,18,0,2.8,5.2,0
2014/6/6,19.9,20.9,19,123.5,0,3.5,5.5,0
2014/6/7,18.4,19.2,17.7,61.5,0,3.5,5.4,0
2014/6/8,20.5,22.4,17.9,6.5,0,2.5,5.3,0
2014/6/9,22.9,25.6,19.3,4.5,3.1,2,5.6,0
2014/6/10,23.5,27.8,20.4,2,3.5,2.3,6.1,0
2014/6/11,22.2,24.4,20.9,13,0,1.9,4.6,0
2014/6/12,22,23.7,20.7,16,0.2,2.9,5.3,0
2014/6/13,24.9,30.3,20.1,1.5,10.7,2.4,5.6,0
2014/6/14,24.7,29.4,20.1,0,12.5,3,7.2,0
2014/6/15,24.4,29.6,20.1,0,13,2.8,6.1,0
2014/6/16,25,29.8,21.7,0,11,2.8,5.8,0
2014/6/17,24.3,27.8,21.7,0,4.2,2.8,5.7,0
2014/6/18,23.2,25.1,21.7,0,0.5,1.9,4.7,0
2014/6/19,24.8,28.5,21.4,0,11,3.3,6.6,0
2014/6/20,24.6,27.9,22,0,9.9,3.6,7.1,0
2014/6/21,24.6,27.7,22.6,0,4,3.1,6.2,0
2014/6/22,22.5,23.6,21.3,6,0,1.8,3.6,0
2014/6/23,24.2,27.8,21.3,0,4,2.6,5.8,0
2014/6/24,22.6,26.6,20.9,5,1.3,1.9,5.3,0
2014/6/25,22.6,26.2,20.6,5.5,0.6,1.9,5.4,0
2014/6/26,23.6,28.2,20.3,0,6,2.6,6.5,0
2014/6/27,23.9,26.2,22.2,7.5,2.2,2.3,4,0
2014/6/28,22.8,24.8,21.5,13,0,2.2,4.3,0
2014/6/29,23.3,28.9,21,27.5,2.6,2.2,5.8,0
2014/6/30,23.6,27.3,20.7,0,2.5,2.7,5.2,0
2014/7/1,25.3,29.6,21,1.5,5.2,2.7,5.4,0
2014/7/2,25.8,30.3,22.2,0,8.8,2.8,5.9,0
2014/7/3,24.8,27.5,21.8,2,2.3,2.8,6.6,0
2014/7/4,21.6,23.4,20.6,5,0,2.4,4.2,0
2014/7/5,22,24.3,20.1,1.5,0.8,2.2,4,0
2014/7/6,24.2,28.5,20.6,0,6.8,2.5,5.1,0
2014/7/7,23.4,24.9,21.6,7,0,2.4,4.8,0
2014/7/8,26.8,31.5,21.6,0,10.4,2.6,5.9,0
2014/7/9,24.2,25.7,23.3,9,0,2.3,6.3,0
2014/7/10,26.6,29.7,23.5,3.5,1.3,5.3,9.8,0
2014/7/11,28.5,34.2,24.1,4,6.4,2.8,8.6,0
2014/7/12,29.2,32.8,26.5,0,9.5,2.9,6.3,0
2014/7/13,26.9,28,25.6,0,0.2,3.3,8,0
2014/7/14,28.5,32.9,25.4,0,6.4,2.6,5.1,0
2014/7/15,28.2,32.5,24.7,0,6.7,2.8,6,0
2014/7/16,28,32.3,24.7,0,10.1,2.7,6.2,0
2014/7/17,27.1,31.8,24.4,0,4.1,3.1,6.6,0
2014/7/18,24.9,27.5,22.6,2.5,0,2.3,3.9,0
2014/7/19,23.8,26.4,22.1,6.5,0,1.9,4.3,0
2014/7/20,24.5,29.9,21.8,53,3.1,2.1,6.5,0
2014/7/21,25,28.8,22.6,0,3.9,2.4,6.4,0
2014/7/22,27.7,31.2,24.7,0,7,2.6,5.9,0
2014/7/23,29.4,33.1,25.6,0,9,2.4,4.9,0
2014/7/24,29.9,34.6,26.2,7,2.5,2.2,5.4,0
2014/7/25,30.5,35.6,26.4,0,11.7,2.7,6.4,0
2014/7/26,30.5,34.6,27.9,0,10.2,3.3,7,0
2014/7/27,30.1,34.5,27.1,3,9,3.1,6,0
2014/7/28,27.7,30.7,25.9,0,8.4,3.1,6.1,0
2014/7/29,27.6,31.8,24.1,0,11.4,3.3,6.4,0
2014/7/30,27.9,31.8,25,0,9,3.5,6.5,0
2014/7/31,29.5,33.9,26.1,0,11.4,2.8,5.9,0
2014/8/1,29.8,33.5,26.6,0,11.8,3,6.4,0
2014/8/2,30.9,35.3,27,0,10.5,2.2,5.1,0
2014/8/3,31,35.5,27.9,0,10.8,2.9,5.9,0
2014/8/4,30.5,34.7,27.8,0,9.1,4.8,8.9,0
2014/8/5,31.1,36.1,28,0,12.9,5.9,9.5,0
2014/8/6,30.8,35.7,27.9,0,12.7,5.6,8.6,0
2014/8/7,29.7,34.2,27.6,0,11.1,5.1,9,0
2014/8/8,29,31.7,26.6,0,1.7,2.4,5.4,0
2014/8/9,25.4,27.8,22.8,0,0,3.3,5.4,0
2014/8/10,26.3,29.4,22.2,45,0.2,5.5,11,0
2014/8/11,29.4,32.9,27.3,0,9.8,7.3,11.4,0
2014/8/12,26.3,29.6,21.7,0.5,0.1,3.2,6,0
2014/8/13,26.7,31.5,21.9,0,6.1,2.1,3.7,0
2014/8/14,27.1,30.1,25.8,19.5,1.1,1.3,3.4,0
2014/8/15,29.5,33.6,25.6,0,11.9,5.1,9.3,0
2014/8/16,27,31.2,23.2,1.5,1.6,3.1,6.5,0
2014/8/17,26.2,30.8,22.3,0,4,2,5.3,0
2014/8/18,29.1,33.6,26,0,6.9,3,8.4,0
2014/8/19,30.3,34.7,26.5,0,12.2,3.3,6.1,0
2014/8/20,31.1,34.5,27.8,0,11.5,2.4,5.6,0
2014/8/21,30.5,34.1,27.5,0,10.7,2.4,6.1,0
2014/8/22,30.2,34.6,27.6,0,10.7,3,6.7,0
2014/8/23,27.6,30.3,25.8,0,3,3.2,6.6,0
2014/8/24,28.4,32.1,25.3,0,5.6,2.3,6.1,0
2014/8/25,27,29.3,24.8,0,0.9,2.3,4.2,0
2014/8/26,25.2,26.9,23.2,0,0,2.6,4.8,0
2014/8/27,21.2,23.4,19.9,5,0,2.8,5.4,0
2014/8/28,21.1,23,19.6,7,0,2,4.2,0
2014/8/29,23.3,26.2,20.8,0.5,0,2.1,4.1,0
2014/8/30,22.6,26.1,19.9,26,1.9,2.5,4.5,0
2014/8/31,23.2,25.7,21.3,0,2.1,2,3.8,0
2014/9/1,21.8,23.8,20.1,38.5,0,2.4,4.1,0
2014/9/2,24.5,29.8,20,0,10.2,2.7,5.9,0
2014/9/3,24.1,27.3,22,0,2.6,2.6,5.9,0
2014/9/4,25.2,27.7,22,0,2.9,2.6,4.9,0
2014/9/5,27.8,31.6,24.2,0,4.4,3,5.6,0
2014/9/6,27.3,31.1,24.1,9,2.9,2.6,5.2,0
2014/9/7,21.7,24.4,19.4,5,0,2,4.5,0
2014/9/8,22.1,24.4,19.6,2,0,1.7,3.8,0
2014/9/9,23.5,28.1,20.1,1.5,5.3,3.1,5,0
2014/9/10,23.4,26.9,19.8,81,1.7,2.3,8.7,0
2014/9/11,21.8,23.2,19.9,4.5,0.7,1.8,4,0
2014/9/12,23.5,27.5,19.4,0,7.9,2.4,5.2,0
2014/9/13,23.1,27.3,20.3,0,6.1,2.6,6.1,0
2014/9/14,23.8,28.7,19.7,0,10.1,2.6,5.3,0
2014/9/15,24.1,26,21.5,0,1.1,2,4,0
2014/9/16,25.1,29.5,21.5,0,8.5,2.3,4.7,0
2014/9/17,23.3,26.1,20.9,0,0.5,2.8,4.7,0
2014/9/18,22.3,25.9,19.9,0,3.3,3,6,0
2014/9/19,22.3,25.6,18.4,0,3.2,2.2,3.8,0
2014/9/20,20.5,22.3,19.4,0,0,2.3,4.9,0
2014/9/21,21.3,26.7,16.4,0,10.6,2.7,5.7,0
2014/9/22,22.6,27.2,19.4,0,5.9,2.1,4.8,0
2014/9/23,22.1,26.4,17.7,0,10,2.8,6,0
2014/9/24,22.4,25.9,19.4,8.5,4.1,3.6,8.1,0
2014/9/25,24.4,28.5,22.1,5.5,0.2,4.5,8.5,0
2014/9/26,22.9,28.1,19.8,0,8.9,3.2,5.8,0
2014/9/27,20.2,23.5,17.4,0,4.6,3.2,5.6,0
2014/9/28,21.7,27,17.6,0,10.2,3.3,5.6,0
2014/9/29,23.5,28.3,20.2,0,11.1,3.1,5.5,0
2014/9/30,24.7,29.1,20.8,0,8.8,1.8,4.2,0
2014/10/1,21.2,24.6,19.6,5,0,2.5,4.5,0
2014/10/2,21.7,24.7,19.5,0,0.9,2.1,5.9,0
2014/10/3,25.7,29.8,22.5,0,8.6,4,7.3,0
2014/10/4,24.2,25.7,22.4,0,0.2,2.4,4.5,0
2014/10/5,17.2,22.4,15.2,148.5,0,3.1,4.7,0
2014/10/6,21.3,28.4,16.1,123.5,4.6,3.9,11.5,0
2014/10/7,20,24,17.7,0,4.7,2.8,4.5,0
2014/10/8,20.3,24.4,16.8,0,4,2.2,4.2,0
2014/10/9,21,24,18,0,1.5,2.4,5.9,0
2014/10/10,22.4,26.3,17.8,0,7.2,2.5,4.9,0
2014/10/11,20.3,23.5,18.2,0,5.2,2.5,3.8,0
2014/10/12,18.6,20.6,17,0,1,2,3.8,0
2014/10/13,18.1,24,15.7,49,0,2.4,9.6,0
2014/10/14,23.1,27.1,18.8,14,9.3,5.8,9.8,0
2014/10/15,15.9,19.1,13.8,9,0.1,2.6,5,0
2014/10/16,16.8,21.1,13.5,0,5.7,2.7,4.6,0
2014/10/17,18.4,24,15,0,10.5,3,6.5,0
2014/10/18,17.5,21.8,13.4,0,7.3,2.2,4.8,0
2014/10/19,18.3,23,13.5,0,9.7,2.5,5,0
2014/10/20,19.4,24.1,15.8,0,4.7,2.3,5.7,0
2014/10/21,19,21.4,16.4,1,0.1,2.2,6.8,0
2014/10/22,16.1,19.5,13.9,26,0,2.9,5.7,0
2014/10/23,14.3,15.5,12.9,5.5,0,2.4,3.8,0
2014/10/24,16.7,20.7,13,0,6.3,1.9,4,0
2014/10/25,18.3,22.7,12.9,0,8.9,2,4.4,0
2014/10/26,20.1,23.9,16.3,3,3.5,1.9,4.1,0
2014/10/27,19.3,23,15.1,0,3.2,2.9,8.8,0
2014/10/28,15.8,20.2,13.8,0,9.6,4.2,8.4,0
2014/10/29,16.4,21.6,13.1,0,9.8,2.9,5.8,0
2014/10/30,16.8,21.8,11.9,0,8.2,2.2,4.2,0
2014/10/31,18.4,20.8,15.3,0,0.4,1.8,3.2,0
2014/11/1,16.8,18.6,15.6,9.5,0,1.8,3.7,0
2014/11/2,19.5,22.4,15.4,0.5,4.2,2.9,6.4,0
2014/11/3,18,21.6,14.1,0,3.2,2.9,5.9,0
2014/11/4,16.2,19.9,12.3,0,9.8,3,6,0
2014/11/5,15.2,17.6,11.9,0,0.2,3,4.5,0
2014/11/6,17.7,21.3,14.3,2,0.9,2.5,5.5,0
2014/11/7,17.7,21.1,14.7,0,7.3,3.6,6.9,0
2014/11/8,14.1,15.4,12.9,0,0,2.6,4.6,0
2014/11/9,14.9,17.6,12.6,1,0.7,1.8,3.9,0
2014/11/10,17.8,22.2,13.3,0.5,7.5,2.3,5.6,0
2014/11/11,14.5,15.8,13,0,0,2.6,4.2,0
2014/11/12,14.1,16.3,12.3,3,0,1.6,3.4,0
2014/11/13,15,20.9,11.4,0,9.5,2.7,6.1,0
2014/11/14,12.8,16.8,8.8,0,9.5,2.6,4.7,0
2014/11/15,12.7,17.5,8.4,0,9.5,2.7,5.3,0
2014/11/16,12.5,16.2,9.8,0,7.5,2.4,4.5,0
2014/11/17,12.1,15.1,9.2,0,3.9,2.1,4.3,0
2014/11/18,12.9,16.8,10.2,0,8.3,3.9,7.5,0
2014/11/19,12.1,15.9,9.8,0,9.5,3,7.3,0
2014/11/20,9.1,11.6,6.9,17.5,0.2,2.3,4.3,0
2014/11/21,12.3,16.6,7.8,0,8,1.9,3.8,0
2014/11/22,13.8,18.7,10.5,0,8.6,1.5,3.4,0
2014/11/23,14.1,19.1,9.8,0,9.1,2.4,4.2,0
2014/11/24,13.2,15.6,10.7,0,1.5,1.7,3.3,0
2014/11/25,11.1,12.6,9.5,10,0,2.4,5.3,0
2014/11/26,9.2,10,8.5,44,0,4.9,7.5,0
2014/11/27,12.9,17,9.3,1.5,8.9,1.9,5.3,0
2014/11/28,14.1,16.3,11.4,0,1.5,1.4,2.9,0
2014/11/29,13.8,19.4,11.8,8,0.6,1.8,4.9,0
2014/11/30,15.1,17.5,12.7,1,4.7,2,4,0
2014/12/1,13.5,14.9,12.6,11,0,1.7,3.9,0
2014/12/2,10.8,14.4,5.9,0,8.6,4.4,7.9,0
2014/12/3,8.2,13.6,3,0,8.8,3.4,7,0
2014/12/4,8.8,13.2,5.9,5,0.1,2.3,5.5,0
2014/12/5,8.3,13.4,3.9,0,4.3,2.4,5.5,0
2014/12/6,5.1,9.8,1.7,0,7.1,2.3,5.4,0
2014/12/7,6.2,10.8,2,0,8.8,2.3,6,0
2014/12/8,6.6,11.6,3.2,0,8.5,1.8,3.4,0
2014/12/9,7.3,12.4,2.8,0,8.9,3.6,7.7,0
2014/12/10,7.3,10.8,3.6,0,4.5,2,4.9,0
2014/12/11,9.6,16.2,5.3,1.5,0.6,2.5,7.4,0
2014/12/12,9.3,11.1,5.6,0,1.3,2.7,5.7,0
2014/12/13,7,12.7,1.9,0,8.9,2.7,6.3,0
2014/12/14,4.8,8.9,1.2,0,7.7,2.2,4.1,0
2014/12/15,5.3,10.4,0.1,0,8.2,2.2,5,0
2014/12/16,3.6,5.3,1.9,18,0.4,2.6,7.1,0
2014/12/17,4.3,9.1,1.4,0,8.3,4.4,8.1,0
2014/12/18,4,8.3,-1.3,0,9,4.1,10.4,0
2014/12/19,5.4,9.5,0,0,9,2.7,4.8,0
2014/12/20,5.3,7.6,3.4,21,0.3,2.1,4.9,0
2014/12/21,8.6,12.6,4.2,0,5.1,1.9,5.8,0
2014/12/22,7.1,11.4,3.1,0,9.1,2.8,5.3,0
2014/12/23,6.3,11.2,2.4,0,8.5,2.8,5.3,0
2014/12/24,5.9,11.9,1.4,0,6.8,1.4,3.1,0
2014/12/25,6.3,11.5,3.1,0,2.8,2.8,5.7,0
2014/12/26,5.1,10,0.4,0,8.8,2.8,5.6,0
2014/12/27,4.6,8.7,1.8,0,8.9,3.5,6.7,0
2014/12/28,3.8,8,-0.6,0,6.6,1.9,3.6,0
2014/12/29,4.2,6.1,2.5,5.5,0,2,5,0
2014/12/30,6.6,12.2,1.8,0,6.5,1.4,3.9,0
2014/12/31,8,12.9,1.8,0,8.8,2.6,6.3,0
2015/1/1,3.7,8.2,0.7,0,1.3,4.4,9.4,0
2015/1/2,2.7,7.9,-2.2,0,6,2.1,4.2,0
2015/1/3,3.8,8.9,-1.1,0,8.9,3,7.4,0
2015/1/4,4,9.3,-0.4,0,6,1.3,2.8,0
2015/1/5,6.9,12.9,1.3,0,8.9,2.4,5,0
2015/1/6,10.8,16,5.8,6.5,0.2,5.2,8.9,0
2015/1/7,5.6,10.2,3,0,3.3,4.2,7,0
2015/1/8,6.2,11.2,2,0,8.9,4.4,8.4,0
2015/1/9,6.7,11,3.5,0,8.9,4.1,8.1,0
2015/1/10,6.3,11.2,1.9,0,9.1,3.5,8.8,0
2015/1/11,6.4,10.8,0.2,0,9.1,2.7,5.7,0
2015/1/12,5.2,9,2,0,9.1,4.6,9.1,0
2015/1/13,6.6,11.8,2.5,0,9.1,3.3,7.5,0
2015/1/14,6.6,11.5,1.2,0,5.9,1.6,3.5,0
2015/1/15,5.4,8.2,3.4,35.5,0,3.2,8.1,0
2015/1/16,8.9,13.2,4.9,0,6.9,2.8,5.7,0
2015/1/17,5.9,11.6,1.3,0,6.9,4.2,9.4,0
2015/1/18,4.7,10.9,-0.5,0,9.3,3.3,6.4,0
2015/1/19,5.7,11.7,-0.7,0,9,2.5,5.7,0
2015/1/20,6.3,11.2,2.7,0,9.2,3.6,6.8,0
2015/1/21,2.5,3.8,1.5,4,0,3.1,5,0
2015/1/22,4.6,5.6,3.2,7.5,0,2.4,5.2,0
2015/1/23,6.9,12.8,3.7,7.5,6.8,4.3,9.1,0
2015/1/24,4.9,8.1,2.9,0,0.4,2.4,6.6,0
2015/1/25,7,12.2,0.9,0,7.1,2,4.9,0
2015/1/26,9,12.9,5.6,0.5,4.4,2,3.8,0
2015/1/27,9.8,16.4,5.8,14.5,5.1,3.1,6.3,0
2015/1/28,5.2,9.7,1.4,0,6.2,4,7.6,0
2015/1/29,3.9,8.2,-0.9,0,6.6,2.5,5.1,0
2015/1/30,2.2,4.7,0.4,16.5,0,3.3,5.5,0
2015/1/31,4.9,10.5,0.8,0,9.4,4.4,10.5,0
2015/2/1,4,8.6,0.7,0,9.6,5.5,10.4,0
2015/2/2,4.7,9.6,1,0,9.6,4.7,9.1,0
2015/2/3,4.7,10.3,0.4,0,9.4,2.5,4.8,0
2015/2/4,5.2,9.6,1.1,0,7.6,2.3,4.4,0
2015/2/5,2.6,5.1,1.1,9,0,2.5,4.8,0
2015/2/6,5.4,12,-0.3,0,8.9,2.8,5.9,0
2015/2/7,5.3,9.6,1.2,1.5,3.6,2.4,5.9,0
2015/2/8,4,6.8,2,6,0.3,1.9,4.6,0
2015/2/9,2,4.9,-0.6,0,1.7,3.2,7,0
2015/2/10,3.2,8.1,-2.4,0,9.6,2.2,5,0
2015/2/11,5.6,10.9,0.2,0,9.7,2,4.2,0
2015/2/12,7,13,1.2,0,9.5,1.7,3.8,0
2015/2/13,5,12.3,1.1,0,6.3,3.9,7.9,0
2015/2/14,4.9,10.6,-1.4,0,9.9,3.2,7.3,0
2015/2/15,5.5,11.7,0.3,0,9.8,5,11,0
2015/2/16,7,13.2,1.5,0,9.8,2.9,6.8,0
2015/2/17,3.9,5.4,1.3,3,0,2.4,4.7,0
2015/2/18,3.3,4.3,2.5,10.5,0,3.2,6.5,0
2015/2/19,6.2,13,0.9,0,9.2,2.4,4.5,0
2015/2/20,6.3,11.9,2.5,0,7.9,2.4,4.3,0
2015/2/21,6.2,10.5,2,0,9.2,2.4,5.2,0
2015/2/22,6.3,8,4.4,1.5,0,1.6,3.7,0
2015/2/23,10.7,19.2,6.3,16,4.9,2.3,7.1,0
2015/2/24,9.7,12.7,7.2,0,0,2,4.2,0
2015/2/25,9.2,13.2,7.5,0,2.8,2.7,5.4,0
2015/2/26,6.6,7.9,5,14.5,0,2.6,4.7,0
2015/2/27,8.2,15.3,3.8,0,8.4,3.8,9.2,0
2015/2/28,7.4,12.8,3,0,9.2,3.8,6.9,0
2015/3/1,6.9,9.8,5.4,29,0,3.1,9.5,0
2015/3/2,9.3,14.1,5.1,0,10.9,4.2,7.6,0
2015/3/3,5.6,7.7,3.6,0.5,0,2.4,4.4,0
2015/3/4,9.6,17.5,3.2,18.5,5.7,2.6,5.3,0
2015/3/5,9.3,14.3,5.4,0,10.2,3.7,7.9,0
2015/3/6,7.3,12,4.9,0,1.9,2.8,4.4,0
2015/3/7,6,8.2,3.9,4.5,0,2.7,4.3,0
2015/3/8,8.2,10.9,5.9,0.5,0,3.4,5.6,0
2015/3/9,9,9.9,8.4,23,0,3,5.5,0
2015/3/10,7.7,13.7,1.7,2.5,3.4,4.6,7.5,0
2015/3/11,6.2,12.2,-0.4,0,11.1,3.6,7,0
2015/3/12,8.6,14.8,3.6,0,10.9,3.9,6.5,0
2015/3/13,8.9,14.4,1.8,0,10.6,3,7,0
2015/3/14,8.9,13.5,4.7,0,6,2.6,4.6,0
2015/3/15,8.4,13,4.9,0,3.3,1.9,3.5,0
2015/3/16,11.1,16,7.3,10,3.2,1.9,4.7,0
2015/3/17,14.5,21.2,9.2,0.5,10,2.6,5.5,0
2015/3/18,14.8,21.7,10.7,0,4.3,2.2,4.7,0
2015/3/19,11.9,15.9,10.3,5,0.6,2.1,4.3,0
2015/3/20,11.8,14.9,9.9,0,0.6,2.3,4,0
2015/3/21,10.5,16,7.2,0,1.9,2.6,5.6,0
2015/3/22,12.9,18.7,6.6,0,9.8,3.2,6.7,0
2015/3/23,10.7,17,4.7,0,7.3,2.9,6.5,1
2015/3/24,8.2,15.1,3.9,0,10.8,4.6,7.8,1
2015/3/25,8.1,14.3,2.7,0,11.8,5,8.2,1
2015/3/26,9.5,15.8,4.9,0,11.8,3.9,7.5,1
2015/3/27,12.3,20.4,4,0,11.9,3,5.7,1
2015/3/28,14.1,20.6,7.6,0,8.2,2.7,5.2,1
2015/3/29,14.6,21.1,9,0,5,3,6.7,1
2015/3/30,16.2,23.6,9.4,0,11.5,3.1,6,0
2015/3/31,16.7,23.2,9.8,0,11.5,4.7,9.7,0
2015/4/1,13.9,18.7,8.8,1.5,0,2.6,6.8,0
2015/4/2,11.6,17.4,6.5,0,11.1,3.8,7.1,0
2015/4/3,17.3,20.6,12.1,0,0,6.4,10.4,0
2015/4/4,13.2,19.1,10,0,0,3.5,7.4,0
2015/4/5,10.3,11.4,8.6,8,0,1.5,3.5,0
2015/4/6,16.2,22.9,11.2,0,7.9,2.1,5.7,0
2015/4/7,10,13,6.9,4.5,0,3,5.7,0
2015/4/8,4.1,7.6,2.4,20,0,3.5,5.8,0
2015/4/9,7.4,13.2,3.2,0,8.7,2.6,4.5,0
2015/4/10,8.3,12.1,5.3,9.5,0,2.7,4.9,0
2015/4/11,11.5,16.2,8.4,7.5,0,2.8,5.1,0
2015/4/12,12.9,18,8.4,0,8.3,2.5,4.5,0
2015/4/13,9.7,11.3,8.5,36.5,0,3.2,5.9,0
2015/4/14,12.1,14.1,9.3,22.5,0,2,4.8,0
2015/4/15,15.4,21.4,10.5,2,10.2,4.7,10.2,0
2015/4/16,15.7,21.5,8.8,0,9,2.5,5.7,0
2015/4/17,16.4,24.9,9.3,3.5,5.8,3.2,6.8,0
2015/4/18,14,19.7,6.8,0,11.1,4.2,9.3,0
2015/4/19,14.3,17.2,10.4,0,0,1.5,3.6,0
2015/4/20,18.4,20.7,13.6,10.5,0.2,5.3,10.3,0
2015/4/21,17.5,20.5,13.9,0.5,0,3,9.8,0
2015/4/22,15.7,21.4,11.2,2.5,4.8,2.6,7,0
2015/4/23,18,24.8,11.9,0,11.6,2.5,6.4,0
2015/4/24,18.3,23.9,14,0,6.8,4.2,7.8,0
2015/4/25,17.2,22.9,12.6,0,6.5,2.7,7.4,0
2015/4/26,17.8,23.8,12.4,0,12.4,3.3,6.5,0
2015/4/27,19.3,25,13.3,0,12.3,2.9,6.4,0
2015/4/28,20.8,27.2,14.6,0,10.8,2.8,5.8,0
2015/4/29,19.4,24.3,15,0,7.5,3.3,5.8,0
2015/4/30,19,24,14.7,0,4.5,2.4,4.8,0
2015/5/1,20.5,27.5,14.5,0,12.2,2.4,4.8,0
2015/5/2,21,27.6,15.2,0,12.3,2.7,6,0
2015/5/3,21.2,27,17.2,0,8.2,2.9,5.7,0
2015/5/4,21.6,26.6,18.5,0,7.4,5.4,10.1,0
2015/5/5,18.3,22.4,13.1,0,6.8,3.8,7.7,0
2015/5/6,18.2,24.7,11.6,0,9.4,3.2,6.1,0
2015/5/7,19.1,24.7,15.7,0,3.2,2.1,5,0
2015/5/8,20.7,26.8,15.8,0,10.6,2.6,5.1,0
2015/5/9,18.7,21.3,16.3,0,0,2,4.6,0
2015/5/10,19.7,27,13.8,0,10,3.5,7,0
2015/5/11,17.2,23.5,12.1,0,11.6,3.8,6.9,0
2015/5/12,19.6,22.7,15.9,58.5,1,6,9.3,0
2015/5/13,22.5,28.4,17.4,0,11.5,3.7,10,0
2015/5/14,23.1,28.6,16.9,0,10.2,3.2,6.4,0
2015/5/15,22.7,27.8,18.9,0,8.8,3.4,6.9,0
2015/5/16,20.9,23.7,19.5,3.5,0.1,2.6,5,0
2015/5/17,22.2,27.8,18.9,0,10,3.1,6.4,0
2015/5/18,21.5,26.2,17.5,3.5,4.8,3.6,6.7,0
2015/5/19,20.2,24.2,16.6,4.5,0,1.9,4.1,0
2015/5/20,22.2,27.3,18.3,0.5,7.9,2.8,4.9,0
2015/5/21,19.5,25.7,13.4,8.5,9.8,4,7.9,0
2015/5/22,20.5,26,15,0,10.1,4.1,7.1,0
2015/5/23,21.6,27.1,16.1,0,10.3,3,5.8,0
2015/5/24,21,26,17.3,0,7.4,2.7,5.4,0
2015/5/25,21.3,26.1,16.6,0,6.5,2.4,5.1,0
2015/5/26,23.3,30.9,16.9,0,12.5,2.6,5.5,0
2015/5/27,23.9,30.2,18.7,0,12.6,3.2,7,0
2015/5/28,22.1,26.8,18.4,0,4.7,3.1,6.2,0
2015/5/29,20.7,22.8,18.3,9,0,3,6,0
2015/5/30,23.4,29.6,18.4,0,10.3,3.3,6.7,0
2015/5/31,25.7,32.2,20.6,0,10.4,2.6,6,0
2015/6/1,23.6,27.7,20.8,0,10.7,3.5,5.7,0
2015/6/2,23.5,28.7,19.7,0,8.4,4.1,7.7,0
2015/6/3,21.7,22.9,20.1,16,0,2.4,5.5,0
2015/6/4,23.1,29.1,18.6,0,12.5,4.7,7.7,0
2015/6/5,18.8,22.5,14.2,27,2.1,2.4,6.2,0
2015/6/6,18,24.6,13.4,23.5,2.5,2.7,5,0
2015/6/7,20.8,25.5,16.1,0,7.8,3.2,6,0
2015/6/8,21,25.3,17.2,0.5,5.2,3.8,6.6,0
2015/6/9,19.5,21.9,17.3,33,0,2.5,6.7,0
2015/6/10,22.6,27.8,17.5,0,8.1,2.8,6.5,0
2015/6/11,23,27.5,18.9,0,5.4,2.6,5.4,0
2015/6/12,21.4,25,18.9,4.5,0.1,1.8,3.7,0
2015/6/13,24,29,20.8,0,3.7,2.7,5.2,0
2015/6/14,22.5,26.8,20.5,1.5,1.6,2.4,5.9,0
2015/6/15,24.6,30.8,19.5,0,12.2,2.5,6.5,0
2015/6/16,23.3,27.2,20,31,1.1,2.2,4.9,0
2015/6/17,21.6,24.8,19.8,11,0.6,2.2,4.3,0
2015/6/18,21.9,26.1,19.8,0,0.7,3,8.2,0
2015/6/19,19.1,20.8,17.6,10.5,0,2.7,4.4,0
2015/6/20,21.7,26.9,17.2,0,9.4,2.9,6.1,0
2015/6/21,20.6,22.8,18.2,0.5,0.1,1.8,3.7,0
2015/6/22,22.6,26.8,18.5,0,2.1,2.3,4.7,0
2015/6/23,23.4,28.8,18.4,20,6.1,2.7,5.7,0
2015/6/24,23.8,29.9,18,0,12.4,2.4,5.3,0
2015/6/25,24.3,28.7,20.6,0,7.8,2.9,7.3,0
2015/6/26,22.4,25.6,20.6,13,0.2,2.4,5.4,0
2015/6/27,22.6,25.5,20.6,3,0,1.5,2.8,0
2015/6/28,23.2,31.4,18.4,0,8,2.7,5.9,0
2015/6/29,21.6,26.3,18,0,6.4,3.2,5.6,0
2015/6/30,22.5,26.7,19.8,0.5,2.1,3.2,5.9,0
2015/7/1,20.5,22.4,19.2,13.5,0,2.1,5.4,0
2015/7/2,22.5,25,20.1,2.5,0.2,1.9,4,0
2015/7/3,21.9,23.4,20.8,67.5,0,2,4,0
2015/7/4,22.5,25.9,20.8,4,0,1.8,4,0
2015/7/5,20.1,21.9,19.1,20,0,1.8,4,0
2015/7/6,19.8,21.1,18.9,14.5,0,1.7,3.1,0
2015/7/7,21.3,24.3,18.7,0,0,1.5,4.2,0
2015/7/8,22.4,26.6,19.2,11,0.2,1.7,4.4,0
2015/7/9,19.4,20.4,18.6,11,0,2,4.2,0
2015/7/10,23.2,28.9,17.6,0.5,9.1,2.1,5.3,0
2015/7/11,25.9,31.3,21.1,0,11.5,2.8,5.8,0
2015/7/12,27.2,32,22.4,0,12.6,2.7,5.8,0
2015/7/13,29.4,34.2,24.1,0,11.5,5,9.3,0
2015/7/14,29.9,34.3,26.7,0,13.3,6.8,10.3,0
2015/7/15,28.4,33.2,24.2,0,13,4.7,9.2,0
2015/7/16,26.4,28.9,23.6,63.5,0.2,4.8,9.5,0
2015/7/17,26.7,30.4,22.8,14.5,1.1,5.3,9.7,0
2015/7/18,27.2,29.9,25.6,0.5,2.7,5.5,8.5,0
2015/7/19,29.4,34.8,25,0,8.3,3.3,6,0
2015/7/20,28.8,33.5,25.8,0,6.7,2.4,6.4,0
2015/7/21,29.4,34.9,25.4,0,13.2,3.8,7.5,0
2015/7/22,28.9,32.8,25.4,0,13.4,6.4,10.7,0
2015/7/23,27,30.4,24.7,4.5,2.7,4.5,8,0
2015/7/24,28.1,33.9,25,7,5.2,2,4.4,0
2015/7/25,28.6,33.1,24.7,0,8.4,2.2,5.3,0
2015/7/26,30.3,35.8,26,0,12.4,2.4,5.6,0
2015/7/27,30.4,35,25.6,0,12.9,2.7,5.1,0
2015/7/28,29.6,34.1,27.1,0,6.4,2.4,5.1,0
2015/7/29,29.4,32.5,27.1,0,3.2,2.6,5.8,0
2015/7/30,29.1,34.3,26.5,0,3.6,2.2,4.8,0
2015/7/31,30,35,25.9,0,10,2.7,5.2,0
2015/8/1,30.5,35.3,26.6,0,8.9,2.6,5.1,0
2015/8/2,30.2,35.1,26.3,0,9.6,2.6,5.6,0
2015/8/3,29.8,35,26.1,0,12,3.1,6.7,0
2015/8/4,30,35.1,26.5,0,11.4,3.4,6.6,0
2015/8/5,30.2,35.2,25.7,0,12.8,4.1,8.2,0
2015/8/6,30.9,35.9,26.8,0,11.9,3,6.7,0
2015/8/7,31.5,37.7,26.8,0,9.2,2.6,6.1,0
2015/8/8,27.6,32.6,24.9,0,4.3,3.2,5.7,0
2015/8/9,27.9,33.4,24.7,0,3.4,2.5,4.6,0
2015/8/10,27.9,31.9,25.5,1,2,2.6,6.1,0
2015/8/11,29.4,35.5,25.3,0,7.8,2.6,4.7,0
2015/8/12,28.9,33.7,26.3,0,3,2.3,4.8,0
2015/8/13,27.5,30.5,25.3,1,2.2,3,6.4,0
2015/8/14,26.9,31.8,24,2,1.5,2.3,5.3,0
2015/8/15,27.7,33.1,24.1,0,7.3,2.5,6.1,0
2015/8/16,27.8,31.9,24.6,8,4.7,2.7,5.5,0
2015/8/17,25.7,28,23.6,33.5,0.1,4,8.9,0
2015/8/18,28.2,31.9,26,0,4.6,3.8,7.2,0
2015/8/19,27.8,31.4,25.7,0,5,3,6,0
2015/8/20,25.6,27,24,8,0,1.9,4.1,0
2015/8/21,26,29.4,24.5,2.5,0.1,1.9,3.9,0
2015/8/22,28.3,32.7,24.7,0,8.2,3.3,7,0
2015/8/23,26.7,31.4,24,0,4.2,3.3,6.2,0
2015/8/24,24.3,29.3,21.6,0,2,3.3,6.3,0
2015/8/25,21.5,22.9,18.2,0.5,0.1,3.3,5.5,0
2015/8/26,19.5,21.3,17.9,35.5,0,3.3,5.3,0
2015/8/27,23.6,27.3,20.2,0,1.3,2.4,4,0
2015/8/28,21.7,22.9,19.9,3,0,2.7,5,0
2015/8/29,20,21,19.1,2.5,0,2.4,4.3,0
2015/8/30,21.2,22.5,20.3,3.5,0,1.8,3.7,0
2015/8/31,22.1,24.1,20.6,2.5,0,1.7,3.5,0
2015/9/1,23.7,26.5,21.4,12,0.3,2,5.3,0
2015/9/2,26.9,31.5,24.5,5.5,6.1,5,9.1,0
2015/9/3,25.7,30.4,22.9,1.5,1.5,2.6,6.5,0
2015/9/4,24.7,30.1,22.3,14,6.3,2.5,5.4,0
2015/9/5,25.4,29.3,22.9,0,2.3,2.5,5.1,0
2015/9/6,23.8,27.5,22.4,46.5,0,1.9,5.9,0
2015/9/7,23,26.1,20.7,19,0.2,2.3,5,0
2015/9/8,20,21,18.8,65.5,0,2.2,4.5,0
2015/9/9,22.4,25.3,18.7,156.5,0,2.7,6.3,0
2015/9/10,21.8,23.5,19.8,50,0,2.1,4.8,0
2015/9/11,23.9,29.3,19.7,0,9.3,2.8,5.4,0
2015/9/12,24.7,29.5,20.5,0,9,2.8,6.1,0
2015/9/13,24.4,27.5,21.7,0,3.4,3.7,6.4,0
2015/9/14,22.9,27.3,20.5,0,3.2,3.1,5.3,0
2015/9/15,22.3,27.5,18.8,0,6.2,2.5,4.9,0
2015/9/16,21.1,25.2,17.8,4,0.3,2.3,4.6,0
2015/9/17,17.9,18.9,16.1,74.5,0,2.6,4.3,0
2015/9/18,20.6,23.9,18,5.5,0.3,1.7,3.7,0
2015/9/19,24.1,29.3,20.4,0,8.3,2.3,5.5,0
2015/9/20,23.3,28.4,19.8,0,7.4,2.5,4.9,0
2015/9/21,22.7,27.5,19.5,0,4.8,2.1,4.2,0
2015/9/22,23,28.5,19.6,0,10.7,2.3,5.7,0
2015/9/23,22.4,27.2,18.9,0,9.1,2.4,6,0
2015/9/24,20.4,23,18.2,1,0.9,2,3.9,0
2015/9/25,17.7,19.5,16.1,43,0,2.5,4.1,0
2015/9/26,20.5,24.6,17.5,5,0.6,1.8,3.8,0
2015/9/27,21.4,24.5,19.8,0,0.8,1.6,3.5,0
2015/9/28,23.3,27.8,19.3,0,9.2,2.5,5.3,0
2015/9/29,22.7,26.6,19.6,0,4.2,2.8,5.3,0
2015/9/30,20.9,25.8,17.3,0,8.9,4.1,7.6,0
2015/10/1,19.4,23.4,14.8,7.5,1.2,3.9,10.9,0
2015/10/2,23.2,28.1,18.7,22,3.6,4.2,10.9,0
2015/10/3,21.7,26.7,18.3,0,9.7,1.9,4.9,0
2015/10/4,21.3,27.1,17.1,0,7.9,2.9,6.8,0
2015/10/5,17.9,20.1,16.4,0,0.3,2.9,5.6,0
2015/10/6,17.7,22.4,13.9,0,7.8,2.9,5.4,0
2015/10/7,17.5,22.4,13.8,0,11.1,3.7,7.4,0
2015/10/8,19.4,24.6,12.1,0,11.1,5.1,10.5,0
2015/10/9,20.2,25.5,15.3,0,9.7,3.7,6.4,0
2015/10/10,18.3,20.4,14.6,0,0.7,2.5,6.1,0
2015/10/11,18.9,21,16.4,15,0.1,2.3,5.5,0
2015/10/12,18.7,23.1,15.4,0,7.3,2,3.8,0
2015/10/13,18.8,24.2,14.2,0,10.1,2.2,4.9,0
2015/10/14,18.4,23.2,14.9,0,6.7,2.3,4.3,0
2015/10/15,18.8,23.1,13.7,0.5,8.3,2.4,4.8,0
2015/10/16,15.6,17.6,14.9,7,0,2.6,4.4,0
2015/10/17,17.5,20.3,15.7,5,0,2.2,3.9,0
2015/10/18,18.8,23.9,15.8,0,5.7,1.8,3.3,0
2015/10/19,19,24.3,14.6,0,9.9,2.2,5.1,0
2015/10/20,19,23.9,15.5,0,6.9,1.9,4.4,0
2015/10/21,17.2,20.8,15.3,0,3.2,2.4,5.2,0
2015/10/22,17.4,23.2,13.5,0,7.2,2.4,5.3,0
2015/10/23,17.9,21.3,15.7,0,0.8,2,3.9,0
2015/10/24,19,23.9,15.2,0,7.6,2.3,8.1,0
2015/10/25,16.1,19.9,13.1,0,10,5.7,9.3,0
2015/10/26,15.5,20.4,11.7,0,9.5,3.1,6.4,0
2015/10/27,18.3,24.9,10.3,0,9.4,4.1,9.2,0
2015/10/28,20.8,26.1,16.1,0,7.6,2.7,5.4,0
2015/10/29,17.1,19.1,15.4,0,0.7,2.3,4.6,0
2015/10/30,17.1,21.6,14,0,6.1,2.3,4.4,0
2015/10/31,14.4,16.6,11.8,0,1.1,2.6,4.8,0
2015/11/1,13.1,17.4,9.5,0,8.6,1.7,3,0
2015/11/2,12.7,15.3,9.6,38,0,2.6,7.1,0
2015/11/3,16.2,21.3,12.3,0,8.7,2.6,6.4,0
2015/11/4,14.4,20.1,9.6,0,9.8,2,4.4,0
2015/11/5,15.1,21.1,10.3,0,8.2,2,3.5,0
2015/11/6,16.4,22.2,10.5,0,9.6,2,4.1,0
2015/11/7,16.5,20.9,13,0,2.1,2.3,4.6,0
2015/11/8,15.2,17.9,14.2,14,0,1.5,4.2,0
2015/11/9,18.2,22.9,14.9,1,0,2.3,5.9,0
2015/11/10,16.5,18.2,13.8,7.5,0,2.1,3.6,0
2015/11/11,14.9,18.4,12.5,0,6.1,2.2,4.7,0
2015/11/12,13.4,17.1,12,0,1.4,2.8,5,0
2015/11/13,13.1,16.8,10,0,2,2.3,4,0
2015/11/14,13,14,12.2,17.5,0,2.5,5,0
2015/11/15,16,20,13.6,8.5,2.3,1.8,4.3,0
2015/11/16,17.2,21.2,12.2,0,6,2.4,5.9,0
2015/11/17,18.5,23.7,15.6,3,3.8,1.8,4,0
2015/11/18,16.7,20.8,14.4,13,2.5,2.2,4.7,0
2015/11/19,14.5,18.6,12,7,6,2.8,5,0
2015/11/20,13.7,15,11.4,0,0,1.7,3,0
2015/11/21,15.5,20.8,10.1,0,6.1,2.3,5.9,0
2015/11/22,13.1,15.2,11.7,0,0,2,3,0
2015/11/23,12.2,13.2,11,0.5,0,2.6,4.2,0
2015/11/24,14.3,18.7,11.4,2,6.7,2.5,8.2,0
2015/11/25,8.7,12,5.5,7,0,3,5.4,0
2015/11/26,8.7,11.5,5.4,20.5,0.1,2.9,5.9,0
2015/11/27,9.9,14.7,6.2,0,9.2,2.7,6.9,0
2015/11/28,9.4,15.7,3.9,0,9.2,1.7,3.5,0
2015/11/29,10.4,14.5,6.1,0,7.1,2,3.8,0
2015/11/30,10,14.3,6.5,0,4.6,1.9,3.5,0
2015/12/1,10.8,16.2,5.6,0,9,2,4.2,0
2015/12/2,9.5,11.3,8,1,0,2,4.1,0
2015/12/3,10.5,13.5,8.5,1.5,0.2,1.7,4.7,0
2015/12/4,9.9,14.2,5.4,0,9,4.2,8.1,0
2015/12/5,9.8,16.1,4.4,0,9,1.7,5.1,0
2015/12/6,10.6,13.1,6.8,0,4.7,2.6,6,0
2015/12/7,9.2,12.6,5.7,0,7.5,2.2,4,0
2015/12/8,8,11.3,5.7,0,2.3,2.4,4,0
2015/12/9,7.5,12.7,2.8,0,8.7,1.9,3.3,0
2015/12/10,8.8,12.8,4.7,5.5,2.3,1.5,3.1,0
2015/12/11,14.7,24.1,6.9,64,4.9,4.6,11,0
2015/12/12,12.6,15.6,10.1,0,5.1,2.7,5.6,0
2015/12/13,10.2,11,9.5,1.5,0,2.3,4.5,0
2015/12/14,11.6,13.9,10.2,0,0.8,2.5,4.3,0
2015/12/15,11.5,14.9,9.6,0,0.4,1.7,3.6,0
2015/12/16,12.9,17.4,8,0,8.3,1.8,4.4,0
2015/12/17,10.1,13.4,6.2,0,1.4,3.2,7.2,0
2015/12/18,7.8,11.8,3.2,0,8.9,3.2,6.3,0
2015/12/19,7.1,12.1,3.1,0,9,3.3,7.2,0
2015/12/20,6.9,11.1,2.1,0,8.9,1.7,3.1,0
2015/12/21,8.8,13.3,5.6,0,1.5,1.6,3.4,0
2015/12/22,11,15.9,7.3,0,8.9,3.4,6.6,0
2015/12/23,6.8,8.6,5.5,4,0,2.4,4.2,0
2015/12/24,10.3,15.4,5.5,5,3.9,2.3,4.4,0
2015/12/25,10.9,15,7.6,0,6.5,3.2,7.1,0
2015/12/26,8.5,12.5,5.8,0,7.6,2.3,4.3,0
2015/12/27,7.3,10.5,3.7,0,3.7,3.3,6,0
2015/12/28,6,10.6,2.6,0,7.9,2.4,4.7,0
2015/12/29,6.3,11.5,1.9,0,8.8,2.5,4.9,0
2015/12/30,7.2,11,4,0,7.6,2.3,4.5,0
2015/12/31,6.6,11,3.2,0,5.2,2,3.4,0
2016/1/1,7.5,12.1,3.6,0,9,2.6,5.6,0
2016/1/2,7.3,13.4,2.6,0,7.5,1.9,5.2,0
2016/1/3,9.3,16.2,3,0,8.3,1.4,3.4,0
2016/1/4,9.2,15.2,4.4,0,8.9,1.6,3.1,0
2016/1/5,10.9,15.4,5.1,0,8.4,1.8,4,0
2016/1/6,8.9,11.3,7.1,0,0,1.9,3.9,0
2016/1/7,8.7,12.9,4.5,0,4.8,2.5,6,0
2016/1/8,6.8,10.9,3.1,0,8.7,1.8,3.2,0
2016/1/9,7.3,11.6,2.8,0,8.9,2.1,4.4,0
2016/1/10,7.9,12.9,2.4,0,9.1,2.2,4.4,0
2016/1/11,7.1,10.5,3.8,0,3.3,2.2,4,0
2016/1/12,3.4,6.1,0.9,0,0,2.1,4.5,0
2016/1/13,4.3,9.7,-0.9,0,8.7,1.7,4,0
2016/1/14,6,11.4,0.2,0,9.1,2,4.6,0
2016/1/15,5.6,10.9,2,0,8.1,2.5,4.6,0
2016/1/16,6.5,11.8,1.8,0,9.1,1.9,4,0
2016/1/17,5.8,8.6,2.3,3,3.1,2.1,4.6,0
2016/1/18,2.8,6.2,0.2,67,1.4,3.7,7.7,0
2016/1/19,5.1,8.6,0.9,0,9.1,4,7.9,0
2016/1/20,4.1,9.1,-0.7,0,9.2,4.3,9.7,0
2016/1/21,5.4,9.5,1,0,7.4,3.1,6.3,0
2016/1/22,5.8,10.3,3,0,8.1,3.1,5.4,0
2016/1/23,3.9,6.4,2.6,0,0.2,2.5,4.9,0
2016/1/24,3.3,9.2,-1.2,0,9,3.6,8.6,0
2016/1/25,2.9,8.4,-2.6,0,9.6,2.9,6.9,0
2016/1/26,3.8,9.6,-1.3,0,8.6,2,3.6,0
2016/1/27,6.3,13.4,-1.1,0,9.4,2.2,4.2,0
2016/1/28,7.8,14,2.1,0,9.4,1.9,3.9,0
2016/1/29,5.4,7.8,2.6,9.5,0,2.6,5.1,0
2016/1/30,3.3,5,1.5,5.5,0,2.3,4.1,0
2016/1/31,6.1,11.2,1.3,0,5.1,1.7,3.7,0
2016/2/1,4.7,6.7,2.6,0,0,2,4.2,0
2016/2/2,6,10.7,2.6,0,8.5,3.2,5.5,0
2016/2/3,5,9.2,1.5,0,7.1,2.5,6.2,0
2016/2/4,5.1,9.5,1.1,0,5.9,2,4.3,0
2016/2/5,7.5,13.3,0.6,0,9,2.2,5,0
2016/2/6,6.7,9.9,4.4,0,1,2.6,5.9,0
2016/2/7,5,9.4,1.5,0,8.9,3.1,7.1,0
2016/2/8,4.4,9.3,1.3,0,5.5,2.1,4,0
2016/2/9,6.6,14.7,0.6,0,8.6,3.4,7.7,0
2016/2/10,6,10.8,1.6,0,9.9,5,9.2,0
2016/2/11,6,11.5,1.7,0,9.9,2.8,7.5,0
2016/2/12,7.2,11.9,1.5,0,2.4,2.1,4.2,0
2016/2/13,14,21.8,8.3,0,4.6,3.6,9.2,0
2016/2/14,18.5,23,15.1,12.5,4.4,5.8,10.8,0
2016/2/15,8.1,15.5,3.2,0.5,0.4,3,10,0
2016/2/16,5.6,10,1.2,0,9.4,3.1,7.3,0
2016/2/17,6.2,13.4,1.3,0,8.5,2.9,7.9,0
2016/2/18,6.2,10.7,1.1,0,6.8,2.6,5.5,0
2016/2/19,9.7,16.5,2.4,0,9.3,2.1,4.6,0
2016/2/20,8,11.2,6.5,40.5,0.6,2.3,4.6,0
2016/2/21,9.5,15.7,6.2,0,3.8,3.2,6.2,0
2016/2/22,6.7,9.8,4.9,1.5,0.5,2.8,5.2,0
2016/2/23,6.7,10,4.9,0,0.1,1.6,3.9,0
2016/2/24,5.8,7.7,2.5,0.5,0.1,3.1,5.6,0
2016/2/25,3.8,8.4,0.4,0.5,2,2,4.9,0
2016/2/26,5.8,11.4,0.1,0,10.5,2.8,5.4,0
2016/2/27,7.8,12.5,2.7,0,10.5,4,8.2,0
2016/2/28,8.7,15,3.7,0.5,9.8,3,6.8,0
2016/2/29,8.3,14.8,4.8,0.5,2.1,2.9,9,0
2016/3/1,5.2,10.3,2.1,0,10.9,4.5,8.2,0
2016/3/2,6.3,12.4,1.1,0,8.7,2.5,4.8,0
2016/3/3,9.2,16.4,2.3,0,10.8,1.9,4.7,0
2016/3/4,10.4,15.9,5.6,0,9.7,2.8,6.7,0
2016/3/5,10.7,16.3,7.7,0,2.6,2.3,5.6,0
2016/3/6,13.2,17.3,9,2,3.1,3.2,6.2,0
2016/3/7,14.1,15.5,12.8,31.5,0,1.9,4.3,0
2016/3/8,15.8,20.8,12.7,0,8.1,2,5.1,0
2016/3/9,8.7,14.9,3.8,21.5,0,3.5,5.8,0
2016/3/10,6.1,8.5,3.6,0,0,2.8,5,0
2016/3/11,4.6,6.1,3,0,0,2.4,4.5,0
2016/3/12,5.8,8.4,2.9,0,1.4,2.4,4.4,0
2016/3/13,6.7,9.2,3.9,0,0.1,2.2,3.7,0
2016/3/14,5.7,6.9,3.9,37,0,2.7,5.1,0
2016/3/15,8.1,14.1,4,0.5,11.4,4,8.9,0
2016/3/16,8.7,13.9,2.9,0,2.4,1.9,4.2,0
2016/3/17,13.1,20.4,6.4,0,11.4,2.1,4.4,0
2016/3/18,14.8,21.4,7.6,2,7.6,4.3,8.2,0
2016/3/19,14.9,16.7,13.6,7.5,1.9,2.9,6.3,0
2016/3/20,13.4,19,8.3,0.5,5.2,3.6,5.8,0
2016/3/21,9.5,13.8,6.9,0,4.5,2.6,4.9,1
2016/3/22,11,17.5,5.4,0,8.8,3.1,8,1
2016/3/23,11.5,18,7.5,0,5.9,2.9,6.7,1
2016/3/24,6.3,9.5,4.1,0.5,1.5,2.7,5.7,1
2016/3/25,8.1,14.4,2.5,0,9.2,2.9,7.2,1
2016/3/26,8,12.5,5.1,0,6.2,2.7,5.6,1
2016/3/27,10.4,16.1,6,0,5.2,2.3,6.1,1
2016/3/28,11.3,16.8,9,0,2.8,2.4,5,1
2016/3/29,13,18.6,7.4,0,9.8,3.3,7,1
2016/3/30,14.9,20,9.4,0,3.6,3,6.9,1
2016/3/31,14.9,20.2,8.9,0,9.1,3.4,6.8,1
2016/4/1,12.8,18.4,8.1,2.5,4.3,3.4,6.6,0
2016/4/2,10.5,13.3,7.7,1.5,0,2.2,3.5,0
2016/4/3,13.1,17,9.5,4,0,2.7,6.6,0
2016/4/4,15.6,21.9,9.7,8,0.7,3.2,6.7,0
2016/4/5,10.8,12.8,9.1,1.5,0,2.1,4.1,0
2016/4/6,14.6,20.2,7.3,0,8.3,2.8,6.7,0
2016/4/7,13.8,20.1,11.8,33,0.5,2.2,7.2,0
2016/4/8,16.1,22.9,11.5,0,4.4,2.6,6.1,0
2016/4/9,17.1,23.5,10.9,0,7.5,3.6,8.1,0
2016/4/10,17.2,23.9,12.2,0,4.2,2.3,5,0
2016/4/11,11.6,17.1,7.4,0,6.2,3.7,7.4,0
2016/4/12,10.5,15.1,5.1,0,11.4,3.4,6.5,0
2016/4/13,14.4,19,10.6,1.5,0.7,2.9,8.7,0
2016/4/14,15,17.6,13.1,20,0,2,4.8,0
2016/4/15,16.3,21.4,11,0,12.1,4.4,8.7,0
2016/4/16,15.8,20.9,10.1,0,3.9,3.3,6.4,0
2016/4/17,19.2,23.1,16.6,6,3,7.2,12.6,0
2016/4/18,18.9,26.8,13.8,0.5,6.9,3.3,6.5,0
2016/4/19,16.2,21.9,12,0,11.6,3.6,8.1,0
2016/4/20,14.9,19.3,9.8,0,11.4,3.9,7.6,0
2016/4/21,16.5,20.2,13.3,6,0,4,9,0
2016/4/22,17.3,23.7,13.2,0,8.5,3,6.2,0
2016/4/23,17.9,22.4,14,0,2.1,2.6,5.6,0
2016/4/24,15.7,19.1,12.1,13.5,1.2,2.4,7.3,0
2016/4/25,18.1,23.1,13.5,0,8.7,2.9,6.3,0
2016/4/26,19.2,25.1,14.2,0,10.9,3,5.9,0
2016/4/27,18.1,21.8,15.2,0,0.3,2.7,5.6,0
2016/4/28,14.4,15.4,13.3,22,0,2.5,4.3,0
2016/4/29,15.8,21.4,11.4,0,9.4,5.9,9.8,0
2016/4/30,16,21.7,10.5,0,11,4.1,8,0
2016/5/1,18.2,25,11.9,0,9,2.1,4.8,0
2016/5/2,17.4,21.4,13.2,0,3.5,2.8,4.9,0
2016/5/3,20.4,24.7,17.1,0,6,4.9,9.9,0
2016/5/4,22.1,27,18.7,13.5,9.2,6.9,11.8,0
2016/5/5,22.1,27.4,17.1,0,12.3,3.3,6.4,0
2016/5/6,18.1,22.5,15.2,2.5,0.1,3.2,6.4,0
2016/5/7,21.2,26.4,15.4,0,11.5,4.3,9.1,0
2016/5/8,21.3,27,17.2,0,11.9,4,7.3,0
2016/5/9,18.5,21.8,16.2,19,0,3.2,6.6,0
2016/5/10,18.4,22.6,16.1,6,0.1,2.8,5.5,0
2016/5/11,21.4,27.1,16,5.5,1.7,4.8,10,0
2016/5/12,21.7,28,17.5,0,13.1,3.4,6.2,0
2016/5/13,21.2,26.5,16.5,0,11.1,2.9,5.5,0
2016/5/14,19.8,24.8,14.4,0,8.9,3.2,6.5,0
2016/5/15,17.6,23.7,12.5,0,12.5,2.9,6.2,0
2016/5/16,19,23.3,14.2,0,1.8,4.1,7.5,0
2016/5/17,18.3,20.5,14.9,31.5,0,3.5,6.9,0
2016/5/18,20,27.6,13.1,0,13.4,2.7,5.4,0
2016/5/19,19.3,25.1,14.8,0,11.6,3.2,6.7,0
2016/5/20,17.2,20.8,14.4,0,1.7,2.8,4.7,0
2016/5/21,19.1,26.3,12.8,0,12.1,2.4,5.8,0
2016/5/22,22.4,29.3,16.9,0,13.1,2.7,5.4,0
2016/5/23,23.5,30.9,15.1,0,12.5,2.4,4.9,0
2016/5/24,23.4,29.3,18,0,8.7,3.6,8.1,0
2016/5/25,22.2,24.5,20.5,0,0,5.1,8.6,0
2016/5/26,23,27.2,20.3,0,3.6,4.5,7.6,0
2016/5/27,19.4,22.4,15.2,36.5,0.3,3.1,6.5,0
2016/5/28,19.3,24.1,15.1,0,0.2,1.7,4.2,0
2016/5/29,21.7,27.9,16.1,0,10.4,3,5.6,0
2016/5/30,17.4,21.3,15.4,23,0,2.4,7.2,0
2016/5/31,20.4,24.9,16.3,0,4.6,3,6.5,0
2016/6/1,21.5,26.4,18,0,5.7,3.3,7.6,0
2016/6/2,20.7,26,16.3,0,13,4.8,9.1,0
2016/6/3,19.4,24.2,14.2,0,12.7,4,8.2,0
2016/6/4,21.7,27.2,16.3,0,8,4.5,8.9,0
2016/6/5,19.3,23.4,16.4,3,2.8,2.8,4.8,0
2016/6/6,20,23.9,16.3,0,0.5,2.6,4.5,0
2016/6/7,19.6,20.9,18.4,0.5,0,2,3.7,0
2016/6/8,21.9,27.3,16.5,0,5.7,3.1,5.9,0
2016/6/9,21.2,23.7,19.6,6.5,0,1.9,4,0
2016/6/10,23.5,28.8,19.4,0,10.2,2.9,6.5,0
2016/6/11,23.5,29.1,17.9,0,10.7,3.2,6.6,0
2016/6/12,23.9,28.3,20.4,0,6.4,3.1,6.1,0
2016/6/13,19.8,22.7,18.3,98.5,0,3.6,6.2,0
2016/6/14,22.2,26.2,18.4,0,5.2,3,5.9,0
2016/6/15,20.8,22.2,19.6,0,0,2.8,4.8,0
2016/6/16,22.1,24.4,19.7,7.5,0,3.4,6,0
2016/6/17,24.2,29.2,19.4,2.5,8.2,2.5,5.2,0
2016/6/18,26.7,33,21.1,0,13.3,3.4,6,0
2016/6/19,24.3,29.3,21.4,5,4.2,4,7.4,0
2016/6/20,24.3,28.8,20.4,4,5.9,2.1,4.6,0
2016/6/21,22.7,25.7,21.2,10,2.5,1.9,4.1,0
2016/6/22,22.7,23.9,21.1,0.5,0,2.5,5.1,0
2016/6/23,23,26.9,21.4,9.5,3.3,2.2,5.1,0
2016/6/24,22.7,25.3,20.9,1.5,0,2.9,5.6,0
2016/6/25,25.4,28.7,21.9,1,0,3.8,7.5,0
2016/6/26,25.5,30,21.5,0,9.8,2.7,5.7,0
2016/6/27,24.4,28.9,20.9,0,10.4,3.2,7.2,0
2016/6/28,19.1,22.8,17.1,23,0,2,5.5,0
2016/6/29,21.5,24.2,19.1,0.5,0,1.9,4.1,0
2016/6/30,23,27.1,20.1,1,0.6,1.7,3.4,0
2016/7/1,25.6,30.6,22,0,4.4,2.3,7,0
2016/7/2,27,31.8,23.4,0,6.9,3,5.9,0
2016/7/3,29.2,35.4,24.6,0,7.6,3.3,7.2,0
2016/7/4,27.8,33.8,23.6,1.5,7.1,2.4,5.6,0
2016/7/5,21.7,25.6,20.2,0,0,3.1,5.5,0
2016/7/6,23.1,26.9,20.5,0,4.1,2.6,6.2,0
2016/7/7,27.4,36.7,21.9,0,12.8,3,8.3,0
2016/7/8,25.3,29.8,22.1,0,2.1,2.3,4.7,0
2016/7/9,22.4,24.9,20.3,12.5,0,3,6.3,0
2016/7/10,25.6,31.3,20.2,0,11.7,2.6,5.8,0
2016/7/11,28,33.5,22.3,0,12.5,2.8,6.1,0
2016/7/12,27.1,31.8,24.6,0,6.3,3.1,6.4,0
2016/7/13,25.1,27.6,23.5,2,0,1.7,3.8,0
2016/7/14,25.9,32.9,21.3,21,3.9,2.4,6,0
2016/7/15,22.2,24,21,5.5,0,2.6,4.9,0
2016/7/16,24.1,27.7,20.1,0,1.6,2.4,4.6,0
2016/7/17,25.9,28.8,23.6,0,0.1,1.8,3.6,0
2016/7/18,28.7,33.5,25,0,7.5,2.7,5.6,0
2016/7/19,27.3,32.3,23.7,5,6.2,2.8,6.4,0
2016/7/20,26.3,29.9,23.3,1,4.6,3.3,6,0
2016/7/21,21.8,24.3,20.9,28.5,0,2.5,5.4,0
2016/7/22,21.4,22.7,20.4,3.5,0,2.6,4.3,0
2016/7/23,22.4,27.1,19.8,0,1.4,2.6,4.2,0
2016/7/24,23.9,29,19,0,7.3,2.4,4.3,0
2016/7/25,24.7,27.9,21.1,0,0.8,2.2,4.6,0
2016/7/26,23.8,27.4,21.4,1,0.1,2.9,5.9,0
2016/7/27,24.5,27.3,22.4,0,0.3,3,4.8,0
2016/7/28,26.5,31.1,23.3,0,5.2,2.9,5.2,0
2016/7/29,27.2,32.4,22.9,0,11.5,3.1,5.9,0
2016/7/30,27.2,32.9,22.1,0,10.8,2.5,6,0
2016/7/31,27.5,30.8,24.4,0,6.9,3,6.5,0
2016/8/1,27.4,31.5,24.6,2,1.9,2.4,4.8,0
2016/8/2,25.9,29.4,22.5,27,1.7,2.4,6.2,0
2016/8/3,26.8,32,23.4,16,4.1,2.5,6,0
2016/8/4,28.1,33,24.4,0,8.5,2.9,6.8,0
2016/8/5,28.7,33.4,24.6,0,10.8,3.1,5.9,0
2016/8/6,29.1,34.2,25.8,0,8.8,2.7,5.7,0
2016/8/7,28.6,33.6,24.5,0,11.2,2.9,5.5,0
2016/8/8,28.5,33.2,25.3,0,4.6,3.4,5.8,0
2016/8/9,31.9,37.7,25.7,0,8.1,3.6,7.5,0
2016/8/10,29.1,34,26,0,4.9,3.1,5.6,0
2016/8/11,27.3,32.1,25.2,0,4.9,2.5,4.8,0
2016/8/12,26.7,31.9,24.2,0,5.5,2.9,5.9,0
2016/8/13,26.5,31.8,23.3,0,7.2,2.7,5.5,0
2016/8/14,26,30.4,23.5,0,3.8,2.6,5.5,0
2016/8/15,26.6,30.8,24.4,0.5,0.7,3.5,6.2,0
2016/8/16,26.9,33.1,23.7,33,2.1,3.1,6.7,0
2016/8/17,28.7,34.3,23,14,10,5,9.9,0
2016/8/18,26.9,31.6,25.2,67,1.1,2.1,5.8,0
2016/8/19,27.6,32.3,25,5,6.9,3.4,6,0
2016/8/20,25.7,30,24.1,82,1.6,2.4,4.9,0
2016/8/21,27.9,33.5,23.5,0,7.9,3.2,6.9,0
2016/8/22,25.7,28.3,23.2,106.5,0,4.6,11.3,0
2016/8/23,26.8,30.4,24.2,0.5,1.7,2.8,5.9,0
2016/8/24,26.5,31.2,23.5,0,1.9,2.3,5.5,0
2016/8/25,28,32.7,23.5,0,11.9,3,6.8,0
2016/8/26,28.3,32.8,24,0,10.2,2.9,6.2,0
2016/8/27,24.3,27,21.6,2,0,3.2,5.4,0
2016/8/28,22.6,24.6,21.3,2,0,2.8,4.7,0
2016/8/29,25.6,30.1,22.1,16,2.6,2.9,5.3,0
2016/8/30,25.1,28.1,22.5,40.5,0.6,3.8,7.6,0
2016/8/31,26.8,31.1,22.5,0,11.3,5.3,8.5,0
2016/9/1,27,32.5,22,0,10.1,2.5,6.1,0
2016/9/2,26.7,29.8,23,0,4.9,2.5,4.7,0
2016/9/3,27.2,32.5,24.6,0,7.4,2.9,5.3,0
2016/9/4,26.7,31.9,24,3,4.5,2.4,4.2,0
2016/9/5,28.4,33,24.8,0,9.6,3.7,6.6,0
2016/9/6,28.8,32.4,25.9,0,9.6,4.1,7.6,0
2016/9/7,27.1,30.3,25.4,4.5,2.3,3.2,6.1,0
2016/9/8,26.4,30.4,24.7,11.5,1.3,3.5,8.4,0
2016/9/9,27,32.5,22.6,0,5.3,2.4,5.4,0
2016/9/10,26.6,31.2,23.3,0,4.1,2.5,5,0
2016/9/11,23.2,25.1,20.8,5,0.2,2.3,4.6,0
2016/9/12,24.7,27.7,22.5,0,0.3,2.4,5.6,0
2016/9/13,22.6,23.9,21.4,34.5,0,2.1,4.3,0
2016/9/14,23.1,26.6,20.6,0,0.3,1.8,4.2,0
2016/9/15,24.1,26.4,22.2,24,0.1,1.9,4,0
2016/9/16,22.9,24.4,21.9,3.5,0,1.9,3.3,0
2016/9/17,25.3,29.4,21.6,0,5.3,2.1,4.2,0
2016/9/18,24.6,26.9,22.2,2,0,2.7,6.4,0
2016/9/19,21.3,22.9,19.2,21.5,0,2.6,4.4,0
2016/9/20,19.1,20.1,17.6,91.5,0,3,6.2,0
2016/9/21,20.1,23.2,17.6,0,0.1,2.5,4.9,0
2016/9/22,19.4,20.9,18.1,56.5,0,2.4,4.8,0
2016/9/23,20.8,22.1,19.4,16.5,0,1.2,3.6,0
2016/9/24,21.8,23.9,20.8,10.5,0,1.8,5.6,0
2016/9/25,23.6,28.4,20.3,0,3.4,1.8,4,0
2016/9/26,25.4,30.1,21.9,0,3.1,1.8,4,0
2016/9/27,25.6,29.8,22.8,0,2.3,2,4.5,0
2016/9/28,26.5,30.6,24,0,2.1,2.2,4.3,0
2016/9/29,24.6,27.9,21.7,0,0.7,2.2,4.2,0
2016/9/30,21.4,24.7,18.8,2.5,2.4,2.7,4.5,0
2016/10/1,19.7,21.8,17.6,1.5,0,1.8,3.3,0
2016/10/2,23.1,27.6,18.6,0,9.1,1.9,4.3,0
2016/10/3,22.7,26.5,20.1,2,0,2.3,7.5,0
2016/10/4,24.9,32,19.7,0,6.2,2.1,5.2,0
2016/10/5,24,26.4,21.5,0.5,0.7,3.1,9.5,0
2016/10/6,26,31.3,21.4,0,8.3,3.7,10.3,0
2016/10/7,21.4,24.9,19,0,5.8,3.6,7.2,0
2016/10/8,21.2,25.3,18.2,10,0.2,2.5,6.8,0
2016/10/9,22.3,25.7,18.6,32.5,0,3.9,8.2,0
2016/10/10,18.4,19.6,17.4,0,0,2.7,4.6,0
2016/10/11,17.6,20.1,16.2,0,0.2,2.2,4,0
2016/10/12,17.9,23.2,13.7,0,8.2,2.2,4.7,0
2016/10/13,16.5,18.2,15.3,0,0,2.7,4.7,0
2016/10/14,15.6,19.5,12.6,0,4,1.9,3.3,0
2016/10/15,16.7,22.7,11.8,0,10.8,2.3,4.8,0
2016/10/16,17.4,22.9,12.7,0,5.2,1.9,3.8,0
2016/10/17,17.5,19.5,15.7,24,0,1.9,5.9,0
2016/10/18,20.9,26.3,16.7,6,5.9,1.8,3.5,0
2016/10/19,20.8,23.9,18.4,0,1.9,2.3,4.6,0
2016/10/20,21.9,27.7,17,0,10,3,6.7,0
2016/10/21,18.2,21.4,15.4,0,4.9,3,7.1,0
2016/10/22,16.7,18.3,14.7,0,0.1,2.1,3.6,0
2016/10/23,18.1,22.3,14.7,0,4.8,2.4,5,0
2016/10/24,14.9,19.1,11.9,0,9.8,2.4,4.3,0
2016/10/25,14,17.2,10,1,2.4,2,4.6,0
2016/10/26,19.1,25.7,12.6,0,9.6,1.7,3.5,0
2016/10/27,19,23.3,13.2,0,7.6,3.3,6.9,0
2016/10/28,12.2,14.8,10.1,18,0,2.4,4.9,0
2016/10/29,15.5,20.8,11.6,0,0,2.5,5.8,0
2016/10/30,11.9,13.5,9.6,1,0,2.3,4.7,0
2016/10/31,14.3,19.1,9.8,0,3.9,1.8,4.4,0
2016/11/1,13.4,16.4,11.7,10,3.3,2,6,0
2016/11/2,10.9,12.2,8.6,1.5,0,2.4,4.1,0
2016/11/3,12.9,19.4,8.4,3,9.5,2.6,4.2,0
2016/11/4,14,18.8,8.5,0,9.2,3,5.6,0
2016/11/5,14.6,19.5,11.2,0,6.8,2.5,4.9,0
2016/11/6,14.8,20.8,9.9,0,9.5,2.6,6.6,0
2016/11/7,11,14.4,8.2,0,8.4,3,5.7,0
2016/11/8,9.9,13.6,6.1,2,1.8,1.8,3.9,0
2016/11/9,10.4,14.6,7.9,5,6,4.9,9.4,0
2016/11/10,9.6,13,7.6,0,0.5,2.9,7.1,0
2016/11/11,9,12.1,5.7,49,0,3.4,5.9,0
2016/11/12,13.6,18.8,10,0,6.3,1.9,3.4,0
2016/11/13,13.6,18.6,9.1,0,7.6,1.7,3.3,0
2016/11/14,13.7,16.7,11.5,6,0,1.8,4.2,0
2016/11/15,15.3,19.3,12.7,0,1.6,2.1,7.8,0
2016/11/16,12.5,14.8,10.7,0,0.6,3.4,6.9,0
2016/11/17,12.6,18.3,7.8,0,8.1,1.9,4.5,0
2016/11/18,11.3,15.7,6.1,0,9,2,4,0
2016/11/19,9.8,12,7.9,18,0,2,5,0
2016/11/20,13.6,20.4,8.9,0,6.9,1.4,3,0
2016/11/21,12.6,14.7,10.2,2.5,0,2.3,4.5,0
2016/11/22,14,19.3,10.3,2,6.7,1.7,3.5,0
2016/11/23,11.4,14.7,8.5,0,0.1,2.8,5.9,0
2016/11/24,2.8,8.6,0.9,23,0,2.9,4.9,0
2016/11/25,5.6,10.8,0.3,0,9.3,1.9,3.4,0
2016/11/26,8.3,13.1,3.2,0,6.5,2.1,3.9,0
2016/11/27,10.6,13.8,8.6,9.5,0.5,1.8,3.5,0
2016/11/28,11.1,14,9.4,7.5,3.3,3.4,7,0
2016/11/29,10.5,14.3,7.5,0,5.7,3.5,6.1,0
2016/11/30,8.8,11.8,4.8,0,4.9,2.3,5.9,0
2016/12/1,10,16.5,5.9,10.5,3.1,2.4,4.4,0
2016/12/2,11.5,15.5,8.7,0,8.5,2.9,6.5,0
2016/12/3,10.8,15.9,5.7,0,6.7,1.9,3.6,0
2016/12/4,11.6,16,7.3,2.5,7.2,1.5,3.6,0
2016/12/5,12.7,18.3,8.1,1.5,7.6,1.7,3.8,0
2016/12/6,10.8,17.1,7,0,8.5,4,8.8,0
2016/12/7,7.5,11.2,4.9,0,1.5,2.3,5.3,0
2016/12/8,8.6,13.9,3,0,8.6,2.4,4.6,0
2016/12/9,11.1,17.4,3.8,0,8.9,3,7.6,0
2016/12/10,8.5,12.2,5.6,0,8.7,4.1,7.3,0
2016/12/11,6.8,10.9,3.5,0,8.8,3.3,6.4,0
2016/12/12,7,10.5,2.6,0,7.5,2.2,5,0
2016/12/13,9.4,15.3,3.4,3,2.5,1.9,3.8,0
2016/12/14,8.1,11.3,5.3,37,0.3,3.2,6.4,0
2016/12/15,6.2,10.1,3.1,0,6.9,3.1,6.1,0
2016/12/16,4.8,9.8,1.5,0,8.6,3.5,7.4,0
2016/12/17,6.7,13.1,0,0,9,2.1,3.8,0
2016/12/18,8.2,14.9,3.2,0,7.6,1.6,3.8,0
2016/12/19,10,15.7,4.7,0,8.3,1.5,3.1,0
2016/12/20,9.6,14.5,5.9,0,3.5,1.6,3.3,0
2016/12/21,10.5,17,5.2,0,7.8,1.7,4,0
2016/12/22,14.6,20.2,6.6,10.5,2.5,3.9,10.1,0
2016/12/23,14,19.6,8.5,7.5,4.3,3.5,9.8,0
2016/12/24,8.6,11.9,5.4,0,8.5,3.7,6.5,0
2016/12/25,6.6,10.5,4.5,0,4.7,1.5,2.8,0
2016/12/26,6.9,11,3.8,0,1.3,1.8,4.1,0
2016/12/27,11.1,18.8,5.5,11.5,0.2,3.4,8.8,0
2016/12/28,6,9.4,2,0,9,4.4,9,0
2016/12/29,4.3,8,0.7,0,5.2,2.2,5.4,0
2016/12/30,6,10.2,2.6,0,9,3.8,7.4,0
2016/12/31,6.3,11.8,1.5,0,8.9,1.8,3.4,0
2017/1/1,7.4,13.8,2,0,8.9,2,4,0
2017/1/2,7.2,13.3,3.8,0,6.5,1.4,3.4,0
2017/1/3,8,13.7,3.5,0,8.2,2.2,5.4,0
2017/1/4,8.5,14,3.6,0,8.7,2.6,5.9,0
2017/1/5,6.7,10.4,3.7,0,9,4.9,9,0
2017/1/6,4.5,8.8,1.5,0,8.8,2.3,4.6,0
2017/1/7,4.1,8.7,0.1,0,8.7,1.7,3.4,0
2017/1/8,3.9,6,1.6,20.5,0,2.9,7,0
2017/1/9,7.2,11.1,3.8,5.5,2.2,3.3,7.6,0
2017/1/10,8.1,12.7,3.5,0,8.9,2.4,5.2,0
2017/1/11,6.9,11,3.9,0,9,2.4,4.5,0
2017/1/12,6,12.1,0.7,0,8.2,1.7,3.5,0
2017/1/13,6.2,12.7,1.4,0,6.7,2,5,0
2017/1/14,2.4,6.3,-1.3,0,3.2,2.6,6.2,0
2017/1/15,0.7,4.7,-2.3,0,8.1,3.1,6.2,0
2017/1/16,3.2,8,-2,0,9.3,3.5,8.2,0
2017/1/17,5.4,10.9,0.7,0,9.1,2.3,5.4,0
2017/1/18,5.8,10.3,1.1,0,9.1,2.5,4.9,0
2017/1/19,6.4,10.9,2.4,0,5.6,3,6.2,0
2017/1/20,3,3.8,2.2,0,0,2.6,4.6,0
2017/1/21,5.9,11,1.2,0,9.4,3.9,11.1,0
2017/1/22,6,12.9,0.9,0,9.3,2,4.8,0
2017/1/23,4,7.9,0.2,0,6.9,4.5,7.2,0
2017/1/24,2.5,7.7,-1.9,0,9.4,3.6,9.3,0
2017/1/25,3.9,9.5,-1.2,0,9.6,3.3,7.5,0
2017/1/26,4.6,10.7,-1.4,0,9.5,2.2,4.5,0
2017/1/27,8.8,16,1.4,0,5.2,3.1,10.1,0
2017/1/28,8.4,13.6,4.6,0,9.1,2.1,3.9,0
2017/1/29,8,12,4.8,0,2.9,1.8,4.3,0
2017/1/30,11.2,19.5,6.7,0,7.9,3,7.5,0
2017/1/31,5.9,10,2.8,0,9.3,4.6,9.2,0
2017/2/1,6,10.6,2.2,0,7.2,2.7,6.3,0
2017/2/2,4.5,9.7,0.9,0,9.6,4.3,10.6,0
2017/2/3,7.4,13.7,1,0,9.6,4.1,7.3,0
2017/2/4,8.2,13.4,4.4,0,9.6,3.1,6.4,0
2017/2/5,7.2,9.9,3.4,0,2.5,1.7,3.4,0
2017/2/6,8.7,15.7,3.3,0,6.1,3.7,8.5,0
2017/2/7,5.6,10,2.2,0,9.5,5.2,10.1,0
2017/2/8,6.3,11,1.9,0,9.5,3.2,6.5,0
2017/2/9,2.4,5.4,1,8,0,2.7,5.2,0
2017/2/10,4.3,9.3,1.5,0.5,4,3.6,8.5,0
2017/2/11,4.1,10.1,-1.6,0,7.3,2.6,5.3,0
2017/2/12,5,11.2,-0.4,0,9.5,4,8,0
2017/2/13,6.3,11.8,1,0,8,3.3,7,0
2017/2/14,6.1,11.8,2.1,0,8.9,3.5,6.4,0
2017/2/15,6.5,12.8,1.2,0,9.9,3.1,5.9,0
2017/2/16,7.3,13.7,1.3,0,9.9,2.2,5.6,0
2017/2/17,13.2,20.6,4.8,0,8.2,4.9,10.5,0
2017/2/18,8.1,10.7,6.4,0,2.9,2.9,6.1,0
2017/2/19,6.2,11.5,1.6,0,9.6,3.7,9.5,0
2017/2/20,9.9,19.7,1.8,6.5,5.6,4.1,11,0
2017/2/21,6.1,9.9,3.6,0,9.7,5.6,9.4,0
2017/2/22,7,10.6,1.1,0,4.3,3.5,6.7,0
2017/2/23,12.4,16.3,8.4,0.5,1.5,4.5,9,0
2017/2/24,7.4,11.3,5.2,0,3.5,4.5,7.7,0
2017/2/25,7.5,12.7,3.5,0,8.1,2.2,5.2,0
2017/2/26,8.6,14.2,3.3,0,8.4,2.2,4.8,0
2017/2/27,6.2,9.7,4.3,0,2,3,5.6,0
2017/2/28,5.5,10.1,3.2,0,8.8,2.6,4.8,0
2017/3/1,6.4,11.1,1.4,4.5,5.6,1.8,3.8,0
2017/3/2,6.8,8.7,5.4,9.5,0,2.3,5.9,0
2017/3/3,8.7,16,3.7,0,8.3,3.1,6.6,0
2017/3/4,8.7,14.6,3,0,6.1,2.5,6.1,0
2017/3/5,10.4,15.9,4.9,0,8.3,2.4,4.9,0
2017/3/6,9.3,11.5,7.6,1,1.1,1.9,6.1,0
2017/3/7,6.6,10.9,2.3,0.5,2.7,3.2,5.9,0
2017/3/8,5.5,11.8,0,0,8.1,1.9,5.8,0
2017/3/9,7.5,13,1.3,0,11.1,2.8,5,0
2017/3/10,8.6,14.8,3.2,0,10.3,2.9,6.5,0
2017/3/11,7.9,13.2,4.3,0,8.1,3,6.6,0
2017/3/12,7.6,12.2,3.1,0,10.3,2.7,6.7,0
2017/3/13,8.8,12.8,6,0.5,0.5,2,3.8,0
2017/3/14,8.1,11,6.4,2.5,0,2.8,4.6,0
2017/3/15,5.4,7.5,4,1,0,3.4,6.7,0
2017/3/16,8.2,15.5,1.9,0,9.1,2.5,5.8,0
2017/3/17,9.5,15.2,3.8,0,9,3.1,5.7,0
2017/3/18,10.3,16.2,3.6,0,9.1,2.7,5.7,0
2017/3/19,12.2,18.6,5.1,0,8.9,2.9,7,0
2017/3/20,12.6,18.7,7,0,9.8,3.6,7.1,0
2017/3/21,9.1,12.9,6.8,25.5,0,2.9,6.3,1
2017/3/22,9.8,15,5.7,0,11.3,5.5,9.5,1
2017/3/23,9.7,15.7,4.3,0,5.7,2.2,5,1
2017/3/24,8.5,13.9,4.6,0,5.9,3.6,7.1,1
2017/3/25,7.8,12.7,3.4,0,11.1,3.1,6.5,1
2017/3/26,5.9,8.1,4.8,12.5,0,2.8,5.2,1
2017/3/27,5,8.3,2.4,21.5,1.5,3.6,7.1,1
2017/3/28,8.6,14.9,3.2,0,9.1,2.6,6,1
2017/3/29,9.1,14.7,4.3,0,8.4,2.7,5.6,1
2017/3/30,11.9,17.8,6.3,0,10.2,2.5,5.5,1
2017/3/31,8.8,12.3,4.9,6.5,0.7,3,5.4,1
2017/4/1,6.3,8.9,4.6,5.5,0,2.7,5.1,1
2017/4/2,8.7,14.2,4.6,0,8.9,2.3,6.4,1
2017/4/3,9.9,16.1,6.4,1.5,7.3,2.8,8.4,0
2017/4/4,11.2,17.3,4.5,0,12,2.9,6.2,0
2017/4/5,14.7,20.7,7.7,0,9.4,3.5,7.7,0
2017/4/6,16.7,21.2,12.9,0.5,7.2,5.5,9.2,0
2017/4/7,17.5,21.6,15.5,3,2.8,5.6,9,0
2017/4/8,15.3,17.7,12.6,7,0,2,5.6,0
2017/4/9,13.8,15.2,11.1,9,0,2.2,5.2,0
2017/4/10,10.4,15.7,6.9,0,6.5,2.9,6.1,0
2017/4/11,8.5,10.7,6.4,46,0,3,7.3,0
2017/4/12,14.3,21.6,8.3,0,9.7,3.9,7.4,0
2017/4/13,12.3,17.6,6.7,0,9.1,3,6.2,0
2017/4/14,15,21.5,7.4,0,11.7,3.7,8,0
2017/4/15,18.6,24.2,14.2,0,8.2,4.8,8.8,0
2017/4/16,18.9,26.1,12,0,11.9,2.7,6.3,0
2017/4/17,18.3,26.1,13.8,13,3.8,3.2,7.7,0
2017/4/18,20,25.7,14.1,17.5,5.1,4.7,10.1,0
2017/4/19,18,26.1,12.7,0,11.8,4.4,9.6,0
2017/4/20,15.7,21.1,10.9,0,9,3.7,6.6,0
2017/4/21,15.6,19.2,13,0,0.1,1.8,3.8,0
2017/4/22,14.3,18.4,9.7,15,0.1,2,4.4,0
2017/4/23,13.6,20.3,8.8,0.5,10.5,2.9,6.8,0
2017/4/24,14.5,19.6,10.1,0,7,3,6.5,0
2017/4/25,16,21,12,0,9.5,4.7,8.8,0
2017/4/26,16.9,19.4,13.9,0,0,4.8,8.7,0
2017/4/27,14.7,19.4,12.1,3.5,5,3.3,5.9,0
2017/4/28,15.9,21.6,11.5,0,9.5,2.9,5.5,0
2017/4/29,16.2,23.4,10.2,0,10.4,2.6,7.5,0
2017/4/30,17.8,24.3,10.7,0,12.3,3.2,7.7,0
2017/5/1,17.7,26,13.6,1,7.6,2.4,7.8,0
2017/5/2,16.6,23.3,11.3,0,12.4,3.1,5.8,0
2017/5/3,17.1,22.4,12.3,0,9.5,3.8,7.3,0
2017/5/4,18.1,23.3,15,0,9.9,4.3,7.4,0
2017/5/5,19.6,25.6,14.6,0,11.4,3.2,5.6,0
2017/5/6,21.7,28.2,15.3,0,12.4,3.3,7.5,0
2017/5/7,19.9,24.3,13.8,0,3.6,3.1,6.4,0
2017/5/8,20.8,27.8,13.6,0,12.3,2.6,6.1,0
2017/5/9,19.1,21.9,16.3,0,0.2,2.9,5.3,0
2017/5/10,16.3,17.9,15.1,4,0,1.7,4.8,0
2017/5/11,21,27.4,14.8,0,9.4,2,5.6,0
2017/5/12,21.6,28.3,17.2,0,7.8,3.2,7.5,0
2017/5/13,17.8,20.1,16.1,27,0,3.1,6,0
2017/5/14,17.8,20.4,15.3,0,0.7,2.8,4.8,0
2017/5/15,17.7,22.6,15.4,0,1.1,2.5,5.9,0
2017/5/16,18.9,23.4,16.4,0,4.6,3,6.6,0
2017/5/17,17.2,19.7,14.8,0,0.2,2.7,4.7,0
2017/5/18,17.6,23.6,14.5,1.5,5.4,2.1,4.5,0
2017/5/19,20,26.3,14.6,0,12.4,2.9,6,0
2017/5/20,22.1,28.7,15.5,0,13.1,2.6,5.8,0
2017/5/21,23.8,30.9,17.6,0,12.1,2.7,5.6,0
2017/5/22,23.2,29,18.2,0,12.9,3.6,6.8,0
2017/5/23,22.5,27.4,19,0,12.4,5,9.1,0
2017/5/24,22.2,26.2,19.2,0,2.7,4,6.4,0
2017/5/25,20.9,24,18,1,0.4,2.5,5.2,0
2017/5/26,18.8,20.8,17.3,14.5,0,2.4,6.2,0
2017/5/27,20.9,27.3,18,0,7,3.3,7.1,0
2017/5/28,20.9,26.7,17.9,0,6.6,2.7,5.3,0
2017/5/29,21.5,26.9,17,0,12,3.5,6.9,0
2017/5/30,23.3,29.1,17.2,0,12.1,3,5.5,0
2017/5/31,23.6,27.5,20.7,0,4.7,3.7,7.4,0
2017/6/1,21.5,26.4,19.3,15.5,1.7,2.4,5.4,0
2017/6/2,23,29.1,18.3,0,10.6,3.6,8.6,0
2017/6/3,21.4,26.6,16,0,12.1,3.6,6.7,0
2017/6/4,21,26.7,16.7,0,7.2,3.6,6.2,0
2017/6/5,19.6,25.6,15.3,3.5,9.2,3.1,7.1,0
2017/6/6,19.6,24.2,15.4,0,4.4,3,5.9,0
2017/6/7,20.3,22.6,17.9,0,0,4.4,8.6,0
2017/6/8,22,25.8,19.2,0,4.9,4.1,7.1,0
2017/6/9,23.1,28.1,20.6,0,7,3.2,6.2,0
2017/6/10,24.6,30.6,20,0,8.3,3.4,8.8,0
2017/6/11,21.7,25.3,19.1,0,3.7,3,6.7,0
2017/6/12,20.5,26.3,16.6,0,5,3.1,7.2,0
2017/6/13,16.9,19.4,14.8,9.5,0,2.5,5,0
2017/6/14,19.3,24.6,15.2,3.5,3.6,2.7,5,0
2017/6/15,21.3,26,17.4,0,7.2,3,6.3,0
2017/6/16,22.4,29,17.5,0,9.7,2.9,6.9,0
2017/6/17,22.3,27.7,17.9,0,12.2,2.9,5.3,0
2017/6/18,19.5,22.5,17.7,11.5,0,2.7,4.5,0
2017/6/19,22.6,30.5,17.3,1,11,3.5,6.7,0
2017/6/20,22.7,28,16.5,0,11.2,3.3,6.3,0
2017/6/21,22.4,24.4,19.8,45.5,0,5,10.6,0
2017/6/22,24,27.9,20,0,4.6,3.1,6.5,0
2017/6/23,24.6,30.2,19.1,0,12.1,3.2,5.9,0
2017/6/24,24.6,29,21.9,0,7.2,3.2,5.6,0
2017/6/25,22.3,23.9,21.5,10,0,1.9,5.1,0
2017/6/26,23.1,25.9,20.3,0.5,2.1,2.7,5.2,0
2017/6/27,23.2,25.6,21.3,1,0,2.4,6.1,0
2017/6/28,22.4,25,20.2,3,0,1.6,3.7,0
2017/6/29,24.6,29.1,19.9,0,3.7,2.6,5.4,0
2017/6/30,23.8,25.7,22.1,2,0.1,2.9,5.1,0
2017/7/1,23.4,25.3,22.1,2,0.1,2.1,4.7,0
2017/7/2,25.7,32,20.9,1,3.1,1.9,4.2,0
2017/7/3,28.3,32.5,24.5,0,6.2,2.5,5.5,0
2017/7/4,26.8,29.9,23.5,15,0.1,2,4.3,0
2017/7/5,26.3,31.4,21.6,0.5,5,3.1,5.7,0
2017/7/6,26.2,30.7,23.2,0,6.8,3.1,6.6,0
2017/7/7,27,32.3,23,0,10.9,2.6,5.4,0
2017/7/8,27.9,33.7,22.8,0,12.6,2.6,5.5,0
2017/7/9,27.3,32.5,23,0,13.1,2.9,6.7,0
2017/7/10,27.4,32.1,23,0,13.5,3.7,7.3,0
2017/7/11,27.7,31.6,24.8,0,7.2,4.8,9.4,0
2017/7/12,28.9,33.1,25.6,0,10.3,4.1,6.5,0
2017/7/13,28.5,33.4,26,0,5.6,5,8.5,0
2017/7/14,28.2,32.4,25.4,0,12.1,4.4,7.3,0
2017/7/15,28.1,33.7,23.6,0,11.5,2.8,5.7,0
2017/7/16,28.9,34.9,25.1,0,6.6,2.2,7.1,0
2017/7/17,29.7,35,25.3,0,6.1,3,6.2,0
2017/7/18,26.3,32.7,22.7,10.5,3.5,2.3,5.9,0
2017/7/19,26.5,31.1,22.9,0,6.6,3.4,6.8,0
2017/7/20,28.2,32.3,24.9,0,7.7,3.8,7,0
2017/7/21,29.1,33.7,25.8,0,11.6,4.5,7.2,0
2017/7/22,28.7,32.5,25.8,0,9.7,4.1,7,0
2017/7/23,27.3,28.5,26.2,0,0,4.5,6.9,0
2017/7/24,29.1,32.9,26.7,0,2.3,4.7,7.4,0
2017/7/25,29.4,32.7,27,0,1.8,3.5,5.1,0
2017/7/26,24.6,28.2,23.2,35,0,2.7,5,0
2017/7/27,24.2,26.7,22.5,0.5,0,2.4,4.3,0
2017/7/28,26.8,32.3,22.5,0,3.5,2.2,5.4,0
2017/7/29,26.8,33.5,23.7,16,3.1,2.4,5.3,0
2017/7/30,25.6,29.2,23.3,0.5,0.1,2.3,4,0
2017/7/31,28,33,23.2,0,8.4,2.4,5.6,0
2017/8/1,26.3,31,22.7,6.5,0,2.8,5.6,0
2017/8/2,22.9,25.4,20.9,0.5,0.5,3,4.6,0
2017/8/3,24.3,28.9,20.2,0,0.7,2.3,3.9,0
2017/8/4,25.6,29.2,22,0,0.6,2.2,4.7,0
