日付,推奨日
date,recommended
2017/2/1,0
2017/2/2,0
2017/2/3,0
2017/2/4,0
2017/2/5,0
2017/2/6,0
2017/2/7,0
2017/2/8,0
2017/2/9,0
2017/2/10,0
2017/2/11,0
2017/2/12,0
2017/2/13,0
2017/2/14,0
2017/2/15,0
2017/2/16,0
2017/2/17,0
2017/2/18,0
2017/2/19,0
2017/2/20,0
2017/2/21,0
2017/2/22,0
2017/2/23,0
2017/2/24,0
2017/2/25,0
2017/2/26,0
2017/2/27,0
2017/2/28,0
2017/3/1,0
2017/3/2,0
2017/3/3,0  
2017/3/4,0
2017/3/5,0
2017/3/6,0
2017/3/7,0
2017/3/8,0
2017/3/9,0
2017/3/10,0
2017/3/11,0
2017/3/12,0
2017/3/13,0
2017/3/14,0
2017/3/15,0
2017/3/16,0
2017/3/17,0
2017/3/18,0
2017/3/19,0
2017/3/20,0
2017/3/21,0
2017/3/22,0
2017/3/23,0
2017/3/24,0
2017/3/25,0
2017/3/26,0
2017/3/27,0
2017/3/28,0
2017/3/29,0
2017/3/30,0
2017/3/31,0
2017/4/1,0
2017/4/2,0
2017/4/3,0
2017/4/4,0
2017/4/5,0
2017/4/6,0
2017/4/7,0
2017/4/8,0
2017/4/9,0
2017/4/10,0
2017/4/11,0
2017/4/12,0
2017/4/13,0
2017/4/14,0
2017/4/15,0
2017/4/16,0
2017/4/17,0
2017/4/18,0
2017/4/19,0
2017/4/20,0
2017/4/21,0
2017/4/22,0
2017/4/23,0
2017/4/24,0
2017/4/25,0
2017/4/26,0
2017/4/27,0
2017/4/28,0
2017/4/29,0
2017/4/30,0
